id  ,method        ,name            ,folder                                             ,ontology        ,domain             ,problem                ,reasoning_time ,planning_time  ,total_time     ,plan_length ,analyzed_states ,ontology_axioms ,hooks ,fluents ,repairs
1,om_planning_DL,elevator15      ,../examples/elevator/elevator15                    ,elevator15.ttl  ,elevator.pddl      ,elevatorProblem15.pddl ,43.989390514,0.153360278,44.204553487,25,6415,97,735,45,9
3,om_planning_DL,elevator16      ,../examples/elevator/elevator16                    ,elevator16.ttl  ,elevator.pddl      ,elevatorProblem16.pddl ,66.594164313,0.171033655,66.839629303,29,9162,102,832,48,27
5,om_planning_DL,elevator17      ,../examples/elevator/elevator17                    ,elevator17.ttl  ,elevator.pddl      ,elevatorProblem17.pddl ,388.142375786,0.163145989,388.440446184,22,6364,107,935,51,243
7,om_planning_DL,elevator18      ,../examples/elevator/elevator18                    ,elevator18.ttl  ,elevator.pddl      ,elevatorProblem18.pddl ,55.893858474,0.27217261,56.245188482,34,29413,113,1044,54,3
9,om_planning_DL,elevator19      ,../examples/elevator/elevator19                    ,elevator19.ttl  ,elevator.pddl      ,elevatorProblem19.pddl ,>1200          ,-              ,-              ,-           ,-               ,118,1159,57,243
11,om_planning_DL,elevator20      ,../examples/elevator/elevator20                    ,elevator20.ttl  ,elevator.pddl      ,elevatorProblem20.pddl ,255.631777947,0.526302519,256.283169351,39,76385,124,1280,60,81
13,om_planning_DL,elevator21      ,../examples/elevator/elevator21                    ,elevator21.ttl  ,elevator.pddl      ,elevatorProblem21.pddl ,210.163869881,0.49750992,210.801234535,38,74972,129,1407,63,81
15,om_planning_DL,elevator22      ,../examples/elevator/elevator22                    ,elevator22.ttl  ,elevator.pddl      ,elevatorProblem22.pddl ,>1200          ,-              ,-              ,-           ,-               ,134,1540,66,729
17,om_planning_DL,elevator23      ,../examples/elevator/elevator23                    ,elevator23.ttl  ,elevator.pddl      ,elevatorProblem23.pddl ,339.420823789,2.604656697,342.191600439,42,462732,140,1679,69,81
19,om_planning_DL,elevator24      ,../examples/elevator/elevator24                    ,elevator24.ttl  ,elevator.pddl      ,elevatorProblem24.pddl ,383.801548327,2.382382798,386.342691562,43,381354,145,1824,72,81
21,om_planning_DL,elevator25      ,../examples/elevator/elevator25                    ,elevator25.ttl  ,elevator.pddl      ,elevatorProblem25.pddl ,321.894685387,5.101299464,327.168481965,48,887839,151,1975,75,81
23,om_planning_DL,elevator26      ,../examples/elevator/elevator26                    ,elevator26.ttl  ,elevator.pddl      ,elevatorProblem26.pddl ,>1200          ,-              ,-              ,-           ,-               ,156,2132,78,243
25,om_planning_DL,elevator27      ,../examples/elevator/elevator27                    ,elevator27.ttl  ,elevator.pddl      ,elevatorProblem27.pddl ,>1200          ,-              ,-              ,-           ,-               ,161,2295,81,243
27,om_planning_DL,elevator28      ,../examples/elevator/elevator28                    ,elevator28.ttl  ,elevator.pddl      ,elevatorProblem28.pddl ,436.550824218,17.101560059,453.885444377,51,2624556,167,2464,84,81
29,om_planning_DL,elevator29      ,../examples/elevator/elevator29                    ,elevator29.ttl  ,elevator.pddl      ,elevatorProblem29.pddl ,>1200          ,-              ,-              ,-           ,-               ,172,2639,87,243
31,om_planning_DL,elevator30      ,../examples/elevator/elevator30                    ,elevator30.ttl  ,elevator.pddl      ,elevatorProblem30.pddl ,>1200          ,-              ,-              ,-           ,-               ,178,2820,90,729
33,om_planning_DL,elevator31      ,../examples/elevator/elevator31                    ,elevator31.ttl  ,elevator.pddl      ,elevatorProblem31.pddl ,>1200          ,-              ,-              ,-           ,-               ,183,3007,93,
35,om_planning_DL,elevator32      ,../examples/elevator/elevator32                    ,elevator32.ttl  ,elevator.pddl      ,elevatorProblem32.pddl ,>1200          ,-              ,-              ,-           ,-               ,188,3200,96,
37,om_planning_DL,elevator33      ,../examples/elevator/elevator33                    ,elevator33.ttl  ,elevator.pddl      ,elevatorProblem33.pddl ,>1200          ,-              ,-              ,-           ,-               ,194,3399,99,27
39,om_planning_DL,elevator34      ,../examples/elevator/elevator34                    ,elevator34.ttl  ,elevator.pddl      ,elevatorProblem34.pddl ,>1200          ,-              ,-              ,-           ,-               ,199,3604,102,729
41,om_planning_DL,cats6           ,../examples/cats/6                                 ,cats6.ttl       ,cats.pddl          ,catsProblem6.pddl      ,>1200          ,-              ,-              ,-           ,-               ,189,12,168,
43,om_planning_DL,cats7           ,../examples/cats/7                                 ,cats7.ttl       ,cats.pddl          ,catsProblem7.pddl      ,>1200          ,-              ,-              ,-           ,-               ,247,14,224,
45,om_planning_DL,cats8           ,../examples/cats/8                                 ,cats8.ttl       ,cats.pddl          ,catsProblem8.pddl      ,>1200          ,-              ,-              ,-           ,-               ,313,16,288,
47,om_planning_DL,cats9           ,../examples/cats/9                                 ,cats9.ttl       ,cats.pddl          ,catsProblem9.pddl      ,>1200          ,-              ,-              ,-           ,-               ,387,18,360,
49,om_planning_DL,cats10          ,../examples/cats/10                                ,cats10.ttl      ,cats.pddl          ,catsProblem10.pddl     ,>1200          ,-              ,-              ,-           ,-               ,469,20,440,
51,om_planning_DL,cats11          ,../examples/cats/11                                ,cats11.ttl      ,cats.pddl          ,catsProblem11.pddl     ,>1200          ,-              ,-              ,-           ,-               ,559,22,528,
53,om_planning_DL,cats12          ,../examples/cats/12                                ,cats12.ttl      ,cats.pddl          ,catsProblem12.pddl     ,>1200          ,-              ,-              ,-           ,-               ,657,24,624,
55,om_planning_DL,cats13          ,../examples/cats/13                                ,cats13.ttl      ,cats.pddl          ,catsProblem13.pddl     ,>1200          ,-              ,-              ,-           ,-               ,763,26,728,
57,om_planning_DL,cats14          ,../examples/cats/14                                ,cats14.ttl      ,cats.pddl          ,catsProblem14.pddl     ,>1200          ,-              ,-              ,-           ,-               ,877,28,840,
59,om_planning_DL,cats15          ,../examples/cats/15                                ,cats15.ttl      ,cats.pddl          ,catsProblem15.pddl     ,>1200          ,-              ,-              ,-           ,-               ,999,30,960,
61,om_planning_DL,cats16          ,../examples/cats/16                                ,cats16.ttl      ,cats.pddl          ,catsProblem16.pddl     ,>1200          ,-              ,-              ,-           ,-               ,1129,32,1088,
63,om_planning_DL,cats17          ,../examples/cats/17                                ,cats17.ttl      ,cats.pddl          ,catsProblem17.pddl     ,>1200          ,-              ,-              ,-           ,-               ,1267,34,1224,
65,om_planning_DL,cats18          ,../examples/cats/18                                ,cats18.ttl      ,cats.pddl          ,catsProblem18.pddl     ,>1200          ,-              ,-              ,-           ,-               ,1413,36,1368,
67,om_planning_DL,cats19          ,../examples/cats/19                                ,cats19.ttl      ,cats.pddl          ,catsProblem19.pddl     ,>1200          ,-              ,-              ,-           ,-               ,1567,38,1520,
69,om_planning_DL,cats20          ,../examples/cats/20                                ,cats20.ttl      ,cats.pddl          ,catsProblem20.pddl     ,MEMOUT         ,-              ,-              ,-           ,-               ,1729,40,1680,
71,om_planning_DL,cats21          ,../examples/cats/21                                ,cats21.ttl      ,cats.pddl          ,catsProblem21.pddl     ,MEMOUT         ,-              ,-              ,-           ,-               ,1899,42,1848,
73,om_planning_DL,cats22          ,../examples/cats/22                                ,cats22.ttl      ,cats.pddl          ,catsProblem22.pddl     ,MEMOUT         ,-              ,-              ,-           ,-               ,2077,44,2024,
75,om_planning_DL,cats23          ,../examples/cats/23                                ,cats23.ttl      ,cats.pddl          ,catsProblem23.pddl     ,MEMOUT         ,-              ,-              ,-           ,-               ,2263,46,2208,
77,om_planning_DL,cats24          ,../examples/cats/24                                ,cats24.ttl      ,cats.pddl          ,catsProblem24.pddl     ,MEMOUT         ,-              ,-              ,-           ,-               ,2457,48,2400,
79,om_planning_DL,cats25          ,../examples/cats/25                                ,cats25.ttl      ,cats.pddl          ,catsProblem25.pddl     ,MEMOUT         ,-              ,-              ,-           ,-               ,2659,50,2600,
81,om_planning_DL,drones5-5       ,../examples/drones/5-5                             ,drone5-5.ttl    ,drone.pddl         ,droneProblem5-5.pddl   ,281.255561171,0.442754619,281.819032082,6,2297,221,1300,52,1
83,om_planning_DL,drones5-6       ,../examples/drones/5-6                             ,drone5-6.ttl    ,drone.pddl         ,droneProblem5-6.pddl   ,345.372844373,0.733949979,346.231414281,8,13851,221,1300,52,1
85,om_planning_DL,drones5-7       ,../examples/drones/5-7                             ,drone5-7.ttl    ,drone.pddl         ,droneProblem5-7.pddl   ,383.379074544,5.814862664,389.315221524,11,184522,220,1300,52,1
87,om_planning_DL,drones5-8       ,../examples/drones/5-8                             ,drone5-8.ttl    ,drone.pddl         ,droneProblem5-8.pddl   ,404.906668994,8.040177541,413.066958032,no plan     ,199521,221,1300,52,1
89,om_planning_DL,drones6-5       ,../examples/drones/6-5                             ,drone6-5.ttl    ,drone.pddl         ,droneProblem6-5.pddl   ,602.664105143,0.668291155,603.55977989,5,1266,307,2664,74,1
91,om_planning_DL,drones6-6       ,../examples/drones/6-6                             ,drone6-6.ttl    ,drone.pddl         ,droneProblem6-6.pddl   ,646.886192414,0.9841778,648.101198837,8,14331,307,2664,74,1
93,om_planning_DL,drones6-7       ,../examples/drones/6-7                             ,drone6-7.ttl    ,drone.pddl         ,droneProblem6-7.pddl   ,655.592471261,4.440765407,660.262434926,11,138495,308,2664,74,1
95,om_planning_DL,drones6-8       ,../examples/drones/6-8                             ,drone6-8.ttl    ,drone.pddl         ,droneProblem6-8.pddl   ,571.791641875,96.103949933,668.124448597,13,1713846,307,2664,74,1
97,om_planning_DL,drones7-5       ,../examples/drones/7-5                             ,drone7-5.ttl    ,drone.pddl         ,droneProblem7-5.pddl   ,1138.475512859,1.055569914,1139.940101352,6,1975,410,4900,100,1
99,om_planning_DL,drones7-6       ,../examples/drones/7-6                             ,drone7-6.ttl    ,drone.pddl         ,droneProblem7-6.pddl   ,>1200          ,-              ,-              ,-           ,-               ,409,4900,100,1
101,om_planning_DL,drones7-7       ,../examples/drones/7-7                             ,drone7-7.ttl    ,drone.pddl         ,droneProblem7-7.pddl   ,>1200          ,-              ,-              ,-           ,-               ,410,4900,100,1
103,om_planning_DL,drones7-8       ,../examples/drones/7-8                             ,drone7-8.ttl    ,drone.pddl         ,droneProblem7-8.pddl   ,>1200          ,-              ,-              ,-           ,-               ,409,4900,100,1
105,om_planning_DL,drones8-5       ,../examples/drones/8-5                             ,drone8-5.ttl    ,drone.pddl         ,droneProblem8-5.pddl   ,>1200          ,-              ,-              ,-           ,-               ,532,8320,130,1
107,om_planning_DL,drones8-6       ,../examples/drones/8-6                             ,drone8-6.ttl    ,drone.pddl         ,droneProblem8-6.pddl   ,>1200          ,-              ,-              ,-           ,-               ,532,8320,130,1
109,om_planning_DL,drones8-7       ,../examples/drones/8-7                             ,drone8-7.ttl    ,drone.pddl         ,droneProblem8-7.pddl   ,>1200          ,-              ,-              ,-           ,-               ,532,8320,130,1
111,om_planning_DL,drones8-8       ,../examples/drones/8-8                             ,drone8-8.ttl    ,drone.pddl         ,droneProblem8-8.pddl   ,>1200          ,-              ,-              ,-           ,-               ,532,8320,130,1
113,om_planning_DL,drones9-5       ,../examples/drones/9-5                             ,drone9-5.ttl    ,drone.pddl         ,droneProblem9-5.pddl   ,>1200          ,-              ,-              ,-           ,-               ,669,13284,164,1
115,om_planning_DL,drones9-6       ,../examples/drones/9-6                             ,drone9-6.ttl    ,drone.pddl         ,droneProblem9-6.pddl   ,>1200          ,-              ,-              ,-           ,-               ,670,13284,164,1
117,om_planning_DL,drones9-7       ,../examples/drones/9-7                             ,drone9-7.ttl    ,drone.pddl         ,droneProblem9-7.pddl   ,>1200          ,-              ,-              ,-           ,-               ,668,13284,164,1
119,om_planning_DL,drones9-8       ,../examples/drones/9-8                             ,drone9-8.ttl    ,drone.pddl         ,droneProblem9-8.pddl   ,>1200          ,-              ,-              ,-           ,-               ,669,13284,164,1
121,om_planning_DL,drones10-5      ,../examples/drones/10-5                            ,drone10-5.ttl   ,drone.pddl         ,droneProblem10-5.pddl  ,>1200          ,-              ,-              ,-           ,-               ,821,20200,202,1
123,om_planning_DL,drones10-6      ,../examples/drones/10-6                            ,drone10-6.ttl   ,drone.pddl         ,droneProblem10-6.pddl  ,>1200          ,-              ,-              ,-           ,-               ,823,20200,202,1
125,om_planning_DL,drones10-7      ,../examples/drones/10-7                            ,drone10-7.ttl   ,drone.pddl         ,droneProblem10-7.pddl  ,>1200          ,-              ,-              ,-           ,-               ,824,20200,202,1
127,om_planning_DL,drones10-8      ,../examples/drones/10-8                            ,drone10-8.ttl   ,drone.pddl         ,droneProblem10-8.pddl  ,>1200          ,-              ,-              ,-           ,-               ,823,20200,202,1
129,om_planning_DL,taskAssign3     ,../examples/taskAssign/3                           ,task3.ttl       ,domain.pddl        ,taskProblem3.pddl      ,32.255544777,0.116244538,32.397317898,2,38,66,9,27,75
131,om_planning_DL,taskAssign4     ,../examples/taskAssign/4                           ,task4.ttl       ,domain.pddl        ,taskProblem4.pddl      ,76.829719574,0.122054183,76.981797312,2,51,78,12,36,150
133,om_planning_DL,taskAssign5     ,../examples/taskAssign/5                           ,task5.ttl       ,domain.pddl        ,taskProblem5.pddl      ,>1200          ,-              ,-              ,-           ,-               ,91,15,45,750
135,om_planning_DL,taskAssign6     ,../examples/taskAssign/6                           ,task6.ttl       ,domain.pddl        ,taskProblem6.pddl      ,>1200          ,-              ,-              ,-           ,-               ,98,18,54,5625
137,om_planning_DL,taskAssign7     ,../examples/taskAssign/7                           ,task7.ttl       ,domain.pddl        ,taskProblem7.pddl      ,>1200          ,-              ,-              ,-           ,-               ,113,21,63,12500
139,om_planning_DL,taskAssign8     ,../examples/taskAssign/8                           ,task8.ttl       ,domain.pddl        ,taskProblem8.pddl      ,>1200          ,-              ,-              ,-           ,-               ,120,24,72,93750
141,om_planning_DL,taskAssign9     ,../examples/taskAssign/9                           ,task9.ttl       ,domain.pddl        ,taskProblem9.pddl      ,>1200          ,-              ,-              ,-           ,-               ,134,27,81,
143,om_planning_DL,taskAssign10    ,../examples/taskAssign/10                          ,task10.ttl      ,domain.pddl        ,taskProblem10.pddl     ,>1200          ,-              ,-              ,-           ,-               ,144,30,90,
145,om_planning_DL,taskAssign11    ,../examples/taskAssign/11                          ,task11.ttl      ,domain.pddl        ,taskProblem11.pddl     ,>1200          ,-              ,-              ,-           ,-               ,151,33,99,
147,om_planning_DL,taskAssign12    ,../examples/taskAssign/12                          ,task12.ttl      ,domain.pddl        ,taskProblem12.pddl     ,>1200          ,-              ,-              ,-           ,-               ,166,36,108,
149,om_planning_DL,taskAssign13    ,../examples/taskAssign/13                          ,task13.ttl      ,domain.pddl        ,taskProblem13.pddl     ,>1200          ,-              ,-              ,-           ,-               ,176,39,117,
151,om_planning_DL,taskAssign14    ,../examples/taskAssign/14                          ,task14.ttl      ,domain.pddl        ,taskProblem14.pddl     ,>1200          ,-              ,-              ,-           ,-               ,187,42,126,
153,om_planning_DL,taskAssign15    ,../examples/taskAssign/15                          ,task15.ttl      ,domain.pddl        ,taskProblem15.pddl     ,>1200          ,-              ,-              ,-           ,-               ,194,45,135,
155,om_planning_DL,taskAssign16    ,../examples/taskAssign/16                          ,task16.ttl      ,domain.pddl        ,taskProblem16.pddl     ,>1200          ,-              ,-              ,-           ,-               ,208,48,144,
157,om_planning_DL,taskAssign17    ,../examples/taskAssign/17                          ,task17.ttl      ,domain.pddl        ,taskProblem17.pddl     ,>1200          ,-              ,-              ,-           ,-               ,219,51,153,
159,om_planning_DL,taskAssign18    ,../examples/taskAssign/18                          ,task18.ttl      ,domain.pddl        ,taskProblem18.pddl     ,>1200          ,-              ,-              ,-           ,-               ,229,54,162,
161,om_planning_DL,taskAssign19    ,../examples/taskAssign/19                          ,task19.ttl      ,domain.pddl        ,taskProblem19.pddl     ,MEMOUT         ,-              ,-              ,-           ,-               ,240,57,171,
163,om_planning_DL,taskAssign20    ,../examples/taskAssign/20                          ,task20.ttl      ,domain.pddl        ,taskProblem20.pddl     ,MEMOUT         ,-              ,-              ,-           ,-               ,250,60,180,
165,om_planning_DL,taskAssign21    ,../examples/taskAssign/21                          ,task21.ttl      ,domain.pddl        ,taskProblem21.pddl     ,MEMOUT         ,-              ,-              ,-           ,-               ,261,63,189,
167,om_planning_DL,taskAssign22    ,../examples/taskAssign/22                          ,task22.ttl      ,domain.pddl        ,taskProblem22.pddl     ,>1200          ,-              ,-              ,-           ,-               ,269,66,198,
169,om_planning_DL,tpsa4           ,../examples/tpsa/4                                 ,tpsa4.ttl       ,domain.pddl        ,orderProblem4.pddl     ,>1200          ,-              ,-              ,-           ,-               ,344,108,306,
171,om_planning_DL,tpsa5           ,../examples/tpsa/5                                 ,tpsa5.ttl       ,domain.pddl        ,orderProblem5.pddl     ,>1200          ,-              ,-              ,-           ,-               ,409,120,370,
173,om_planning_DL,tpsa6           ,../examples/tpsa/6                                 ,tpsa6.ttl       ,domain.pddl        ,orderProblem6.pddl     ,>1200          ,-              ,-              ,-           ,-               ,480,132,440,
175,om_planning_DL,tpsa7           ,../examples/tpsa/7                                 ,tpsa7.ttl       ,domain.pddl        ,orderProblem7.pddl     ,>1200          ,-              ,-              ,-           ,-               ,557,144,516,
177,om_planning_DL,tpsa10          ,../examples/tpsa/10                                ,tpsa10.ttl      ,domain.pddl        ,orderProblem10.pddl    ,>1200          ,-              ,-              ,-           ,-               ,824,180,780,
179,om_planning_DL,tpsa15          ,../examples/tpsa/15                                ,tpsa15.ttl      ,domain.pddl        ,orderProblem15.pddl    ,>1200          ,-              ,-              ,-           ,-               ,1389,240,1340,
181,om_planning_DL,tpsa20          ,../examples/tpsa/20                                ,tpsa20.ttl      ,domain.pddl        ,orderProblem20.pddl    ,>1200          ,-              ,-              ,-           ,-               ,2104,300,2050,
183,om_planning_DL,tpsa25          ,../examples/tpsa/25                                ,tpsa25.ttl      ,domain.pddl        ,orderProblem25.pddl    ,MEMOUT         ,-              ,-              ,-           ,-               ,2969,360,2910,
185,om_planning_DL,tpsa30          ,../examples/tpsa/30                                ,tpsa30.ttl      ,domain.pddl        ,orderProblem30.pddl    ,MEMOUT         ,-              ,-              ,-           ,-               ,3984,420,3920,
187,om_planning_DL,tpsa35          ,../examples/tpsa/35                                ,tpsa35.ttl      ,domain.pddl        ,orderProblem35.pddl    ,MEMOUT         ,-              ,-              ,-           ,-               ,5149,480,5080,
189,om_planning_DL,tpsa40          ,../examples/tpsa/40                                ,tpsa40.ttl      ,domain.pddl        ,orderProblem40.pddl    ,MEMOUT         ,-              ,-              ,-           ,-               ,6464,540,6390,
191,om_planning_DL,tpsa45          ,../examples/tpsa/45                                ,tpsa45.ttl      ,domain.pddl        ,orderProblem45.pddl    ,MEMOUT         ,-              ,-              ,-           ,-               ,7929,600,7850,
193,om_planning_DL,tpsa50          ,../examples/tpsa/50                                ,tpsa50.ttl      ,domain.pddl        ,orderProblem50.pddl    ,MEMOUT         ,-              ,-              ,-           ,-               ,9544,660,9460,
195,om_planning_DL,tpsa55          ,../examples/tpsa/55                                ,tpsa55.ttl      ,domain.pddl        ,orderProblem55.pddl    ,MEMOUT         ,-              ,-              ,-           ,-               ,11309,720,11220,
197,om_planning_DL,tpsa60          ,../examples/tpsa/60                                ,tpsa60.ttl      ,domain.pddl        ,orderProblem60.pddl    ,MEMOUT         ,-              ,-              ,-           ,-               ,13224,780,13130,
199,om_planning_DL,vta4            ,../examples/vta/4                                  ,vta4.ttl        ,domain.pddl        ,tripProblem4.pddl      ,>1200          ,-              ,-              ,-           ,-               ,217,405,165,
201,om_planning_DL,vta5            ,../examples/vta/5                                  ,vta5.ttl        ,domain.pddl        ,tripProblem5.pddl      ,>1200          ,-              ,-              ,-           ,-               ,230,448,176,
203,om_planning_DL,vta6            ,../examples/vta/6                                  ,vta6.ttl        ,domain.pddl        ,tripProblem6.pddl      ,>1200          ,-              ,-              ,-           ,-               ,243,493,187,
205,om_planning_DL,vta7            ,../examples/vta/7                                  ,vta7.ttl        ,domain.pddl        ,tripProblem7.pddl      ,>1200          ,-              ,-              ,-           ,-               ,256,540,198,
207,om_planning_DL,vta10           ,../examples/vta/10                                 ,vta10.ttl       ,domain.pddl        ,tripProblem10.pddl     ,>1200          ,-              ,-              ,-           ,-               ,295,693,231,
209,om_planning_DL,vta15           ,../examples/vta/15                                 ,vta15.ttl       ,domain.pddl        ,tripProblem15.pddl     ,>1200          ,-              ,-              ,-           ,-               ,360,988,286,
211,om_planning_DL,vta20           ,../examples/vta/20                                 ,vta20.ttl       ,domain.pddl        ,tripProblem20.pddl     ,MEMOUT         ,-              ,-              ,-           ,-               ,425,1333,341,
213,om_planning_DL,vta25           ,../examples/vta/25                                 ,vta25.ttl       ,domain.pddl        ,tripProblem25.pddl     ,>1200          ,-              ,-              ,-           ,-               ,490,1728,396,
215,om_planning_DL,vta30           ,../examples/vta/30                                 ,vta30.ttl       ,domain.pddl        ,tripProblem30.pddl     ,>1200          ,-              ,-              ,-           ,-               ,555,2173,451,
217,om_planning_DL,vta35           ,../examples/vta/35                                 ,vta35.ttl       ,domain.pddl        ,tripProblem35.pddl     ,>1200          ,-              ,-              ,-           ,-               ,620,2668,506,
219,om_planning_DL,vta40           ,../examples/vta/40                                 ,vta40.ttl       ,domain.pddl        ,tripProblem40.pddl     ,>1200          ,-              ,-              ,-           ,-               ,685,3213,561,
221,om_planning_DL,vta45           ,../examples/vta/45                                 ,vta45.ttl       ,domain.pddl        ,tripProblem45.pddl     ,>1200          ,-              ,-              ,-           ,-               ,750,3808,616,
223,om_planning_DL,vta50           ,../examples/vta/50                                 ,vta50.ttl       ,domain.pddl        ,tripProblem50.pddl     ,>1200          ,-              ,-              ,-           ,-               ,815,4453,671,
225,om_planning_DL,vta55           ,../examples/vta/55                                 ,vta55.ttl       ,domain.pddl        ,tripProblem55.pddl     ,MEMOUT         ,-              ,-              ,-           ,-               ,880,5148,726,
227,om_planning_DL,vta60           ,../examples/vta/60                                 ,vta60.ttl       ,domain.pddl        ,tripProblem60.pddl     ,MEMOUT         ,-              ,-              ,-           ,-               ,945,5893,781,
229,om_planning_DL,vta-roles4      ,../examples/vta_roles/4                            ,vta-roles4.ttl  ,domain.pddl        ,tripProblem4.pddl      ,>1200          ,-              ,-              ,-           ,-               ,2325,2550,2265,
231,om_planning_DL,vta-roles5      ,../examples/vta_roles/5                            ,vta-roles5.ttl  ,domain.pddl        ,tripProblem5.pddl      ,MEMOUT         ,-              ,-              ,-           ,-               ,2638,2896,2576,
233,om_planning_DL,vta-roles6      ,../examples/vta_roles/6                            ,vta-roles6.ttl  ,domain.pddl        ,tripProblem6.pddl      ,MEMOUT         ,-              ,-              ,-           ,-               ,2971,3264,2907,
235,om_planning_DL,vta-roles7      ,../examples/vta_roles/7                            ,vta-roles7.ttl  ,domain.pddl        ,tripProblem7.pddl      ,MEMOUT         ,-              ,-              ,-           ,-               ,3324,3654,3258,
237,om_planning_DL,vta-roles10     ,../examples/vta_roles/10                           ,vta-roles10.ttl ,domain.pddl        ,tripProblem10.pddl     ,MEMOUT         ,-              ,-              ,-           ,-               ,4503,4956,4431,
239,om_planning_DL,vta-roles15     ,../examples/vta_roles/15                           ,vta-roles15.ttl ,domain.pddl        ,tripProblem15.pddl     ,>1200          ,-              ,-              ,-           ,-               ,6868,7566,6786,
241,om_planning_DL,vta-roles20     ,../examples/vta_roles/20                           ,vta-roles20.ttl ,domain.pddl        ,tripProblem20.pddl     ,>1200          ,-              ,-              ,-           ,-               ,9733,10726,9641,
243,om_planning_DL,vta-roles25     ,../examples/vta_roles/25                           ,vta-roles25.ttl ,domain.pddl        ,tripProblem25.pddl     ,>1200          ,-              ,-              ,-           ,-               ,13098,14436,12996,
245,om_planning_DL,vta-roles30     ,../examples/vta_roles/30                           ,vta-roles30.ttl ,domain.pddl        ,tripProblem30.pddl     ,>1200          ,-              ,-              ,-           ,-               ,16963,18696,16851,
247,om_planning_DL,vta-roles35     ,../examples/vta_roles/35                           ,vta-roles35.ttl ,domain.pddl        ,tripProblem35.pddl     ,>1200          ,-              ,-              ,-           ,-               ,21328,23506,21206,
249,om_planning_DL,vta-roles40     ,../examples/vta_roles/40                           ,vta-roles40.ttl ,domain.pddl        ,tripProblem40.pddl     ,>1200          ,-              ,-              ,-           ,-               ,26193,28866,26061,
251,om_planning_DL,vta-roles45     ,../examples/vta_roles/45                           ,vta-roles45.ttl ,domain.pddl        ,tripProblem45.pddl     ,>1200          ,-              ,-              ,-           ,-               ,31558,34776,31416,
253,om_planning_DL,vta-roles50     ,../examples/vta_roles/50                           ,vta-roles50.ttl ,domain.pddl        ,tripProblem50.pddl     ,>1200          ,-              ,-              ,-           ,-               ,37423,41236,37271,
255,om_planning_DL,vta-roles55     ,../examples/vta_roles/55                           ,vta-roles55.ttl ,domain.pddl        ,tripProblem55.pddl     ,>1200          ,-              ,-              ,-           ,-               ,43788,48246,43626,
257,om_planning_DL,vta-roles60     ,../examples/vta_roles/60                           ,vta-roles60.ttl ,domain.pddl        ,tripProblem60.pddl     ,>1200          ,-              ,-              ,-           ,-               ,50653,55806,50481,
259,om_planning_DL,queens5-1       ,../examples/queens/5-1                             ,queens5-1.ttl   ,queens.pddl        ,problem5-1.pddl        ,44.271461984,0.314757153,44.648453174,0,1,143,675,25,1
261,om_planning_DL,queens5-2       ,../examples/queens/5-2                             ,queens5-2.ttl   ,queens.pddl        ,problem5-2.pddl        ,42.932650821,0.321700977,43.317327845,1,23,143,675,25,1
263,om_planning_DL,queens5-3       ,../examples/queens/5-3                             ,queens5-3.ttl   ,queens.pddl        ,problem5-3.pddl        ,43.713456127,0.315555098,44.090858547,1,35,143,675,25,1
265,om_planning_DL,queens5-4       ,../examples/queens/5-4                             ,queens5-4.ttl   ,queens.pddl        ,problem5-4.pddl        ,42.764805497,0.317380489,43.152577244,1,47,143,675,25,1
267,om_planning_DL,queens5-5       ,../examples/queens/5-5                             ,queens5-5.ttl   ,queens.pddl        ,problem5-5.pddl        ,43.67988772,0.31456749,44.056695895,2,157,143,675,25,1
269,om_planning_DL,queens6-2       ,../examples/queens/6-2                             ,queens6-2.ttl   ,queens.pddl        ,problem6-2.pddl        ,87.528032174,0.543493003,88.179472036,1,35,203,1368,36,1
271,om_planning_DL,queens6-3       ,../examples/queens/6-3                             ,queens6-3.ttl   ,queens.pddl        ,problem6-3.pddl        ,88.547878365,0.540075915,89.198968282,1,50,203,1368,36,1
273,om_planning_DL,queens6-4       ,../examples/queens/6-4                             ,queens6-4.ttl   ,queens.pddl        ,problem6-4.pddl        ,90.102075028,0.572258206,90.792632355,2,160,203,1368,36,1
275,om_planning_DL,queens6-5       ,../examples/queens/6-5                             ,queens6-5.ttl   ,queens.pddl        ,problem6-5.pddl        ,88.364072869,0.540419146,89.009974455,2,1550,203,1368,36,1
277,om_planning_DL,queens6-6       ,../examples/queens/6-6                             ,queens6-6.ttl   ,queens.pddl        ,problem6-6.pddl        ,87.489723903,5.636742318,93.232149154,4,105578,203,1368,36,1
279,om_planning_DL,queens7-3       ,../examples/queens/7-3                             ,queens7-3.ttl   ,queens.pddl        ,problem7-3.pddl        ,167.599491312,0.915553925,168.692315812,1,53,275,2499,49,1
281,om_planning_DL,queens7-4       ,../examples/queens/7-4                             ,queens7-4.ttl   ,queens.pddl        ,problem7-4.pddl        ,167.812253999,0.907790151,168.89909319,1,79,275,2499,49,1
283,om_planning_DL,queens7-5       ,../examples/queens/7-5                             ,queens7-5.ttl   ,queens.pddl        ,problem7-5.pddl        ,168.800780976,0.904446565,169.880794436,1,97,275,2499,49,1
285,om_planning_DL,queens7-6       ,../examples/queens/7-6                             ,queens7-6.ttl   ,queens.pddl        ,problem7-6.pddl        ,168.129577013,6.505179291,174.813260458,4,93680,275,2499,49,1
287,om_planning_DL,queens7-7       ,../examples/queens/7-7                             ,queens7-7.ttl   ,queens.pddl        ,problem7-7.pddl        ,171.047281759,660.135391916,831.359295271,5,4349277,275,2499,49,1
289,om_planning_DL,queens8-4       ,../examples/queens/8-4                             ,queens8-4.ttl   ,queens.pddl        ,problem8-4.pddl        ,303.129079379,1.640046442,305.053414025,1,93,359,4224,64,1
291,om_planning_DL,queens8-5       ,../examples/queens/8-5                             ,queens8-5.ttl   ,queens.pddl        ,problem8-5.pddl        ,304.829093125,1.594816648,306.703341279,2,1977,359,4224,64,1
293,om_planning_DL,queens8-6       ,../examples/queens/8-6                             ,queens8-6.ttl   ,queens.pddl        ,problem8-6.pddl        ,310.117099133,10.904824851,321.306978219,3,135148,359,4224,64,1
295,om_planning_DL,queens8-7       ,../examples/queens/8-7                             ,queens8-7.ttl   ,queens.pddl        ,problem8-7.pddl        ,306.014594148,40.099889024,346.408123242,4,491116,359,4224,64,1
297,om_planning_DL,queens8-8       ,../examples/queens/8-8                             ,queens8-8.ttl   ,queens.pddl        ,problem8-8.pddl        ,308.693991996,>1200          ,-              ,-           ,-               ,359,4224,64,1
299,om_planning_DL,queens9-5       ,../examples/queens/9-5                             ,queens9-5.ttl   ,queens.pddl        ,problem9-5.pddl        ,529.301842775,2.583870489,532.31969813,1,127,455,6723,81,1
301,om_planning_DL,queens9-6       ,../examples/queens/9-6                             ,queens9-6.ttl   ,queens.pddl        ,problem9-6.pddl        ,530.512218615,3.686413284,534.630237123,3,17693,455,6723,81,1
303,om_planning_DL,queens9-7       ,../examples/queens/9-7                             ,queens9-7.ttl   ,queens.pddl        ,problem9-7.pddl        ,530.381583094,36.619286343,567.440620547,3,378825,455,6723,81,1
305,om_planning_DL,queens9-8       ,../examples/queens/9-8                             ,queens9-8.ttl   ,queens.pddl        ,problem9-8.pddl        ,525.78578173,>1200          ,-              ,-           ,-               ,455,6723,81,1
307,om_planning_DL,queens9-9       ,../examples/queens/9-9                             ,queens9-9.ttl   ,queens.pddl        ,problem9-9.pddl        ,530.895652532,>1200          ,-              ,-           ,-               ,455,6723,81,1
309,om_planning_DL,queens10-6      ,../examples/queens/10-6                            ,queens10-6.ttl  ,queens.pddl        ,problem10-6.pddl       ,872.027655572,11.135362639,883.801907555,3,68032,563,10200,100,1
311,om_planning_DL,queens10-7      ,../examples/queens/10-7                            ,queens10-7.ttl  ,queens.pddl        ,problem10-7.pddl       ,869.781209184,4.334497725,874.75647821,2,2821,563,10200,100,1
313,om_planning_DL,queens10-8      ,../examples/queens/10-8                            ,queens10-8.ttl  ,queens.pddl        ,problem10-8.pddl       ,868.03228744,37.991025916,906.657048249,3,332755,563,10200,100,1
315,om_planning_DL,queens10-9      ,../examples/queens/10-9                            ,queens10-9.ttl  ,queens.pddl        ,problem10-9.pddl       ,869.496299133,>1200          ,-              ,-           ,-               ,563,10200,100,1
317,om_planning_DL,queens10-10     ,../examples/queens/10-10                           ,queens10-10.ttl ,queens.pddl        ,problem10-10.pddl      ,873.610413179,>1200          ,-              ,-           ,-               ,563,10200,100,1
319,om_planning_DL,robot3          ,../examples/robot/3                                ,TTL3.owl        ,robotDomain3.pddl  ,robotProblem3.pddl     ,14.451236819,0.145582423,14.624951542,3,15,61,20,20,15
321,om_planning_DL,robot4          ,../examples/robot/4                                ,TTL4.owl        ,robotDomain4.pddl  ,robotProblem4.pddl     ,117.245835147,0.159952558,117.438847814,5,76,81,26,26,126
323,om_planning_DL,robot5          ,../examples/robot/5                                ,TTL5.owl        ,robotDomain5.pddl  ,robotProblem5.pddl     ,>1200          ,-              ,-              ,-           ,-               ,101,32,32,704
325,om_planning_DL,robot6          ,../examples/robot/6                                ,TTL6.owl        ,robotDomain6.pddl  ,robotProblem6.pddl     ,>1200          ,-              ,-              ,-           ,-               ,121,38,38,1421
327,om_planning_DL,robot7          ,../examples/robot/7                                ,TTL7.owl        ,robotDomain7.pddl  ,robotProblem7.pddl     ,>1200          ,-              ,-              ,-           ,-               ,141,44,44,5220
329,om_planning_DL,robot8          ,../examples/robot/8                                ,TTL8.owl        ,robotDomain8.pddl  ,robotProblem8.pddl     ,>1200          ,-              ,-              ,-           ,-               ,161,50,50,16146
331,om_planning_DL,robot9          ,../examples/robot/9                                ,TTL9.owl        ,robotDomain9.pddl  ,robotProblem9.pddl     ,>1200          ,-              ,-              ,-           ,-               ,181,56,56,
333,om_planning_DL,robot10         ,../examples/robot/10                               ,TTL10.owl       ,robotDomain10.pddl ,robotProblem10.pddl    ,>1200          ,-              ,-              ,-           ,-               ,201,62,62,
335,om_planning_DL,robot11         ,../examples/robot/11                               ,TTL11.owl       ,robotDomain11.pddl ,robotProblem11.pddl    ,>1200          ,-              ,-              ,-           ,-               ,221,68,68,
337,om_planning_DL,robot12         ,../examples/robot/12                               ,TTL12.owl       ,robotDomain12.pddl ,robotProblem12.pddl    ,>1200          ,-              ,-              ,-           ,-               ,241,74,74,
339,om_planning_DL,robot13         ,../examples/robot/13                               ,TTL13.owl       ,robotDomain13.pddl ,robotProblem13.pddl    ,>1200          ,-              ,-              ,-           ,-               ,261,80,80,
341,om_planning_DL,robot14         ,../examples/robot/14                               ,TTL14.owl       ,robotDomain14.pddl ,robotProblem14.pddl    ,>1200          ,-              ,-              ,-           ,-               ,281,86,86,
343,om_planning_DL,robot15         ,../examples/robot/15                               ,TTL15.owl       ,robotDomain15.pddl ,robotProblem15.pddl    ,>1200          ,-              ,-              ,-           ,-               ,301,92,92,
345,om_planning_DL,robot16         ,../examples/robot/16                               ,TTL16.owl       ,robotDomain16.pddl ,robotProblem16.pddl    ,>1200          ,-              ,-              ,-           ,-               ,321,98,98,
347,om_planning_DL,robot17         ,../examples/robot/17                               ,TTL17.owl       ,robotDomain17.pddl ,robotProblem17.pddl    ,>1200          ,-              ,-              ,-           ,-               ,341,104,104,
349,om_planning_DL,robot18         ,../examples/robot/18                               ,TTL18.owl       ,robotDomain18.pddl ,robotProblem18.pddl    ,>1200          ,-              ,-              ,-           ,-               ,361,110,110,
351,om_planning_DL,robot19         ,../examples/robot/19                               ,TTL19.owl       ,robotDomain19.pddl ,robotProblem19.pddl    ,>1200          ,-              ,-              ,-           ,-               ,381,116,116,
353,om_planning_DL,robot20         ,../examples/robot/20                               ,TTL20.owl       ,robotDomain20.pddl ,robotProblem20.pddl    ,>1200          ,-              ,-              ,-           ,-               ,401,122,122,
355,om_planning_DL,robot21         ,../examples/robot/21                               ,TTL21.owl       ,robotDomain21.pddl ,robotProblem21.pddl    ,>1200          ,-              ,-              ,-           ,-               ,421,128,128,
357,om_planning_DL,robot22         ,../examples/robot/22                               ,TTL22.owl       ,robotDomain22.pddl ,robotProblem22.pddl    ,>1200          ,-              ,-              ,-           ,-               ,441,134,134,
359,om_planning_DL,robotConj3      ,../examples/robotConj/3                            ,TTL3.owl        ,robotDomain3.pddl  ,robotProblem3.pddl     ,15.468286158,0.125488492,15.619065812,3,15,60,20,20,15
361,om_planning_DL,robotConj4      ,../examples/robotConj/4                            ,TTL4.owl        ,robotDomain4.pddl  ,robotProblem4.pddl     ,128.100313764,0.125749801,128.255130105,5,68,80,26,26,126
363,om_planning_DL,robotConj5      ,../examples/robotConj/5                            ,TTL5.owl        ,robotDomain5.pddl  ,robotProblem5.pddl     ,>1200          ,-              ,-              ,-           ,-               ,100,32,32,704
365,om_planning_DL,robotConj6      ,../examples/robotConj/6                            ,TTL6.owl        ,robotDomain6.pddl  ,robotProblem6.pddl     ,>1200          ,-              ,-              ,-           ,-               ,120,38,38,1421
367,om_planning_DL,robotConj7      ,../examples/robotConj/7                            ,TTL7.owl        ,robotDomain7.pddl  ,robotProblem7.pddl     ,>1200          ,-              ,-              ,-           ,-               ,140,44,44,5220
369,om_planning_DL,robotConj8      ,../examples/robotConj/8                            ,TTL8.owl        ,robotDomain8.pddl  ,robotProblem8.pddl     ,>1200          ,-              ,-              ,-           ,-               ,160,50,50,16146
371,om_planning_DL,robotConj9      ,../examples/robotConj/9                            ,TTL9.owl        ,robotDomain9.pddl  ,robotProblem9.pddl     ,>1200          ,-              ,-              ,-           ,-               ,180,56,56,
373,om_planning_DL,robotConj10     ,../examples/robotConj/10                           ,TTL10.owl       ,robotDomain10.pddl ,robotProblem10.pddl    ,>1200          ,-              ,-              ,-           ,-               ,200,62,62,
375,om_planning_DL,robotConj11     ,../examples/robotConj/11                           ,TTL11.owl       ,robotDomain11.pddl ,robotProblem11.pddl    ,>1200          ,-              ,-              ,-           ,-               ,220,68,68,
377,om_planning_DL,robotConj12     ,../examples/robotConj/12                           ,TTL12.owl       ,robotDomain12.pddl ,robotProblem12.pddl    ,>1200          ,-              ,-              ,-           ,-               ,240,74,74,
379,om_planning_DL,robotConj13     ,../examples/robotConj/13                           ,TTL13.owl       ,robotDomain13.pddl ,robotProblem13.pddl    ,>1200          ,-              ,-              ,-           ,-               ,260,80,80,
381,om_planning_DL,robotConj14     ,../examples/robotConj/14                           ,TTL14.owl       ,robotDomain14.pddl ,robotProblem14.pddl    ,>1200          ,-              ,-              ,-           ,-               ,280,86,86,
383,om_planning_DL,robotConj15     ,../examples/robotConj/15                           ,TTL15.owl       ,robotDomain15.pddl ,robotProblem15.pddl    ,>1200          ,-              ,-              ,-           ,-               ,300,92,92,
385,om_planning_DL,robotConj16     ,../examples/robotConj/16                           ,TTL16.owl       ,robotDomain16.pddl ,robotProblem16.pddl    ,>1200          ,-              ,-              ,-           ,-               ,320,98,98,
387,om_planning_DL,robotConj17     ,../examples/robotConj/17                           ,TTL17.owl       ,robotDomain17.pddl ,robotProblem17.pddl    ,>1200          ,-              ,-              ,-           ,-               ,340,104,104,
389,om_planning_DL,robotConj18     ,../examples/robotConj/18                           ,TTL18.owl       ,robotDomain18.pddl ,robotProblem18.pddl    ,>1200          ,-              ,-              ,-           ,-               ,360,110,110,
391,om_planning_DL,robotConj19     ,../examples/robotConj/19                           ,TTL19.owl       ,robotDomain19.pddl ,robotProblem19.pddl    ,>1200          ,-              ,-              ,-           ,-               ,380,116,116,
393,om_planning_DL,robotConj20     ,../examples/robotConj/20                           ,TTL20.owl       ,robotDomain20.pddl ,robotProblem20.pddl    ,>1200          ,-              ,-              ,-           ,-               ,400,122,122,
395,om_planning_DL,robotConj21     ,../examples/robotConj/21                           ,TTL21.owl       ,robotDomain21.pddl ,robotProblem21.pddl    ,>1200          ,-              ,-              ,-           ,-               ,420,128,128,
397,om_planning_DL,robotConj22     ,../examples/robotConj/22                           ,TTL22.owl       ,robotDomain22.pddl ,robotProblem22.pddl    ,>1200          ,-              ,-              ,-           ,-               ,440,134,134,
399,om_planning_DL,blocksworld4-0  ,../examples/blocksworld/4-0                        ,blocks.ttl      ,blocks.pddl        ,blocksProblem4-0.pddl  ,3.527084259,0.113165097,3.660269996,6,501,15,1,4,1
400,om_planning_DL,blocksworld4-1  ,../examples/blocksworld/4-1                        ,blocks.ttl      ,blocks.pddl        ,blocksProblem4-1.pddl  ,3.43840651,0.112811692,3.569725925,8,556,15,1,4,1
401,om_planning_DL,blocksworld4-2  ,../examples/blocksworld/4-2                        ,blocks.ttl      ,blocks.pddl        ,blocksProblem4-2.pddl  ,3.503603496,0.113871247,3.636620353,6,535,15,1,4,1
402,om_planning_DL,blocksworld5-0  ,../examples/blocksworld/5-0                        ,blocks.ttl      ,blocks.pddl        ,blocksProblem5-0.pddl  ,3.739770558,0.140647024,3.899335472,10,11638,17,1,5,1
403,om_planning_DL,blocksworld5-1  ,../examples/blocksworld/5-1                        ,blocks.ttl      ,blocks.pddl        ,blocksProblem5-1.pddl  ,3.814717716,0.133933051,3.967488707,8,5646,17,1,5,1
404,om_planning_DL,blocksworld5-2  ,../examples/blocksworld/5-2                        ,blocks.ttl      ,blocks.pddl        ,blocksProblem5-2.pddl  ,3.916304135,0.671100505,4.607672821,14,229596,17,1,5,1
405,om_planning_DL,blocksworld6-0  ,../examples/blocksworld/6-0                        ,blocks.ttl      ,blocks.pddl        ,blocksProblem6-0.pddl  ,4.281308672,1.047266869,5.34742925,12,373468,19,1,6,1
406,om_planning_DL,blocksworld6-1  ,../examples/blocksworld/6-1                        ,blocks.ttl      ,blocks.pddl        ,blocksProblem6-1.pddl  ,4.081137257,1.32364024,5.423288637,10,414506,19,1,6,1
407,om_planning_DL,blocksworld6-2  ,../examples/blocksworld/6-2                        ,blocks.ttl      ,blocks.pddl        ,blocksProblem6-2.pddl  ,4.053831515,2.138850421,6.212168559,14,846770,19,1,6,1
408,om_planning_DL,blocksworld7-0  ,../examples/blocksworld/7-0                        ,blocks.ttl      ,blocks.pddl        ,blocksProblem7-0.pddl  ,4.677146421,120.756360106,125.451989815,17,36450217,21,1,7,1
409,om_planning_DL,blocksworld7-1  ,../examples/blocksworld/7-1                        ,blocks.ttl      ,blocks.pddl        ,blocksProblem7-1.pddl  ,4.610145399,355.739558714,360.368547737,16,108824509,21,1,7,1
410,om_planning_DL,blocksworld7-2  ,../examples/blocksworld/7-2                        ,blocks.ttl      ,blocks.pddl        ,blocksProblem7-2.pddl  ,4.788738026,82.276602035,87.085622765,15,25344189,21,1,7,1
411,om_planning_DL,blocksworld8-0  ,../examples/blocksworld/8-0                        ,blocks.ttl      ,blocks.pddl        ,blocksProblem8-0.pddl  ,5.599425911,361.999545909,367.621097843,14,100161737,23,1,8,1
412,om_planning_DL,blocksworld8-1  ,../examples/blocksworld/8-1                        ,blocks.ttl      ,blocks.pddl        ,blocksProblem8-1.pddl  ,4.927028992,>1200          ,-              ,-           ,-               ,23,1,8,1
413,om_planning_DL,blocksworld8-2  ,../examples/blocksworld/8-2                        ,blocks.ttl      ,blocks.pddl        ,blocksProblem8-2.pddl  ,5.257244274,>1200          ,-              ,-           ,-               ,23,1,8,1
414,om_planning_DL,blocksworld9-0  ,../examples/blocksworld/9-0                        ,blocks.ttl      ,blocks.pddl        ,blocksProblem9-0.pddl  ,6.039051057,>1200          ,-              ,-           ,-               ,25,1,9,1
415,om_planning_DL,blocksworld9-1  ,../examples/blocksworld/9-1                        ,blocks.ttl      ,blocks.pddl        ,blocksProblem9-1.pddl  ,5.335809417,>1200          ,-              ,-           ,-               ,25,1,9,1
416,om_planning_DL,blocksworld9-2  ,../examples/blocksworld/9-2                        ,blocks.ttl      ,blocks.pddl        ,blocksProblem9-2.pddl  ,6.386887283,>1200          ,-              ,-           ,-               ,25,1,9,1
417,om_planning_DL,blocksworld10-0 ,../examples/blocksworld/10-0                       ,blocks.ttl      ,blocks.pddl        ,blocksProblem10-0.pddl ,5.761303847,>1200          ,-              ,-           ,-               ,27,1,10,1
418,om_planning_DL,blocksworld10-1 ,../examples/blocksworld/10-1                       ,blocks.ttl      ,blocks.pddl        ,blocksProblem10-1.pddl ,5.765217903,>1200          ,-              ,-           ,-               ,27,1,10,1
419,om_planning_DL,blocksworld10-2 ,../examples/blocksworld/10-2                       ,blocks.ttl      ,blocks.pddl        ,blocksProblem10-2.pddl ,6.875194714,>1200          ,-              ,-           ,-               ,27,1,10,1
420,om_planning_DL,pipesA-4        ,../examples/pipes/A-4                              ,pipesA-4.ttl    ,pipes.pddl         ,pipesProblemA-4.pddl   ,6.231956722,0.114514726,6.374819938,no plan     ,192,163,16,33,1
422,om_planning_DL,pipesA-5        ,../examples/pipes/A-5                              ,pipesA-5.ttl    ,pipes.pddl         ,pipesProblemA-5.pddl   ,11.257477336,0.350403019,11.630555475,20,72689,225,28,54,1
424,om_planning_DL,pipesA-6        ,../examples/pipes/A-6                              ,pipesA-6.ttl    ,pipes.pddl         ,pipesProblemA-6.pddl   ,16.944843436,2.456396696,19.426063684,21,602413,288,45,76,1
426,om_planning_DL,pipesA-7        ,../examples/pipes/A-7                              ,pipesA-7.ttl    ,pipes.pddl         ,pipesProblemA-7.pddl   ,19.240430797,4.660577394,23.927556098,21,1179859,353,59,104,1
428,om_planning_DL,pipesA-8        ,../examples/pipes/A-8                              ,pipesA-8.ttl    ,pipes.pddl         ,pipesProblemA-8.pddl   ,29.955479506,32.142964704,62.128020537,21,7548522,434,74,134,1
430,om_planning_DL,pipesA-9        ,../examples/pipes/A-9                              ,pipesA-9.ttl    ,pipes.pddl         ,pipesProblemA-9.pddl   ,52.16797042,79.485044079,131.685370592,21,17297553,535,92,169,1
432,om_planning_DL,pipesA-10       ,../examples/pipes/A-10                             ,pipesA-10.ttl   ,pipes.pddl         ,pipesProblemA-10.pddl  ,83.291746373,111.203021967,194.531570681,21,23658273,623,111,207,1
434,om_planning_DL,pipesB-4        ,../examples/pipes/B-4                              ,pipesB-4.ttl    ,pipes.pddl         ,pipesProblemB-4.pddl   ,6.830048174,0.138907444,6.991271135,11,447,161,20,33,1
436,om_planning_DL,pipesB-5        ,../examples/pipes/B-5                              ,pipesB-5.ttl    ,pipes.pddl         ,pipesProblemB-5.pddl   ,9.065091636,0.125694291,9.212676411,13,1471,209,29,53,1
438,om_planning_DL,pipesB-6        ,../examples/pipes/B-6                              ,pipesB-6.ttl    ,pipes.pddl         ,pipesProblemB-6.pddl   ,11.615274037,0.155110804,11.794995052,14,6673,271,41,75,1
440,om_planning_DL,pipesB-7        ,../examples/pipes/B-7                              ,pipesB-7.ttl    ,pipes.pddl         ,pipesProblemB-7.pddl   ,20.761957458,116.278710097,137.067781068,32,22688859,357,54,103,1
442,om_planning_DL,pipesB-8        ,../examples/pipes/B-8                              ,pipesB-8.ttl    ,pipes.pddl         ,pipesProblemB-8.pddl   ,26.780650412,969.751641305,996.563950303,33,176768579,442,71,133,1
444,om_planning_DL,pipesB-9        ,../examples/pipes/B-9                              ,pipesB-9.ttl    ,pipes.pddl         ,pipesProblemB-9.pddl   ,83.570796276,>1200          ,-              ,-           ,-               ,537,88,168,1
446,om_planning_DL,pipesB-10       ,../examples/pipes/B-10                             ,pipesB-10.ttl   ,pipes.pddl         ,pipesProblemB-10.pddl  ,108.486202409,>1200          ,-              ,-           ,-               ,619,110,206,1
448,om_planning_DL,pipesC-4        ,../examples/pipes/C-4                              ,pipesC-4.ttl    ,pipes.pddl         ,pipesProblemC-4.pddl   ,5.756910427,0.114695661,5.892942479,12,213,152,16,34,1
450,om_planning_DL,pipesC-5        ,../examples/pipes/C-5                              ,pipesC-5.ttl    ,pipes.pddl         ,pipesProblemC-5.pddl   ,7.453318936,0.125417721,7.600401459,15,2250,209,26,52,1
452,om_planning_DL,pipesC-6        ,../examples/pipes/C-6                              ,pipesC-6.ttl    ,pipes.pddl         ,pipesProblemC-6.pddl   ,10.972769588,0.179568436,11.177080361,no plan     ,16384,269,37,75,1
454,om_planning_DL,pipesC-7        ,../examples/pipes/C-7                              ,pipesC-7.ttl    ,pipes.pddl         ,pipesProblemC-7.pddl   ,12.993756436,0.268151621,13.287397867,no plan     ,40960,331,50,102,1
456,om_planning_DL,pipesC-8        ,../examples/pipes/C-8                              ,pipesC-8.ttl    ,pipes.pddl         ,pipesProblemC-8.pddl   ,14.339480867,0.862768413,15.230539587,no plan     ,229376,399,65,132,1
458,om_planning_DL,pipesC-9        ,../examples/pipes/C-9                              ,pipesC-9.ttl    ,pipes.pddl         ,pipesProblemC-9.pddl   ,20.280201906,2.074156376,22.391496985,no plan     ,581632,479,82,166,1
460,om_planning_DL,pipesC-10       ,../examples/pipes/C-10                             ,pipesC-10.ttl   ,pipes.pddl         ,pipesProblemC-10.pddl  ,36.380601486,6.096587523,42.511188947,34,1689493,560,101,204,1
