id,method,name,folder,ontology,domain,problem
1,om_planning,elevator15,../examples/elevator/elevator15,elevator15.ttl,elevator.pddl,elevatorProblem15.pddl
2,horn_planning,elevator15,../examples/horn_dl_benchmarks/elevator/original,TTL.owl,domain.pddl,elevatorProblem15.pddl
3,om_planning,elevator16,../examples/elevator/elevator16,elevator16.ttl,elevator.pddl,elevatorProblem16.pddl
4,horn_planning,elevator16,../examples/horn_dl_benchmarks/elevator/original,TTL.owl,domain.pddl,elevatorProblem16.pddl
5,om_planning,elevator17,../examples/elevator/elevator17,elevator17.ttl,elevator.pddl,elevatorProblem17.pddl
6,horn_planning,elevator17,../examples/horn_dl_benchmarks/elevator/original,TTL.owl,domain.pddl,elevatorProblem17.pddl
7,om_planning,elevator18,../examples/elevator/elevator18,elevator18.ttl,elevator.pddl,elevatorProblem18.pddl
8,horn_planning,elevator18,../examples/horn_dl_benchmarks/elevator/original,TTL.owl,domain.pddl,elevatorProblem18.pddl
9,om_planning,elevator19,../examples/elevator/elevator19,elevator19.ttl,elevator.pddl,elevatorProblem19.pddl
10,horn_planning,elevator19,../examples/horn_dl_benchmarks/elevator/original,TTL.owl,domain.pddl,elevatorProblem19.pddl
11,om_planning,elevator21,../examples/elevator/elevator21,elevator21.ttl,elevator.pddl,elevatorProblem21.pddl
12,horn_planning,elevator21,../examples/horn_dl_benchmarks/elevator/original,TTL.owl,domain.pddl,elevatorProblem21.pddl
13,om_planning,elevator22,../examples/elevator/elevator22,elevator22.ttl,elevator.pddl,elevatorProblem22.pddl
14,horn_planning,elevator22,../examples/horn_dl_benchmarks/elevator/original,TTL.owl,domain.pddl,elevatorProblem22.pddl
15,om_planning,elevator23,../examples/elevator/elevator23,elevator23.ttl,elevator.pddl,elevatorProblem23.pddl
16,horn_planning,elevator23,../examples/horn_dl_benchmarks/elevator/original,TTL.owl,domain.pddl,elevatorProblem23.pddl
17,om_planning,elevator24,../examples/elevator/elevator24,elevator24.ttl,elevator.pddl,elevatorProblem24.pddl
18,horn_planning,elevator24,../examples/horn_dl_benchmarks/elevator/original,TTL.owl,domain.pddl,elevatorProblem24.pddl
19,om_planning,elevator25,../examples/elevator/elevator25,elevator25.ttl,elevator.pddl,elevatorProblem25.pddl
20,horn_planning,elevator25,../examples/horn_dl_benchmarks/elevator/original,TTL.owl,domain.pddl,elevatorProblem25.pddl
21,om_planning,elevator26,../examples/elevator/elevator26,elevator26.ttl,elevator.pddl,elevatorProblem26.pddl
22,horn_planning,elevator26,../examples/horn_dl_benchmarks/elevator/original,TTL.owl,domain.pddl,elevatorProblem26.pddl
23,om_planning,elevator27,../examples/elevator/elevator27,elevator27.ttl,elevator.pddl,elevatorProblem27.pddl
24,horn_planning,elevator27,../examples/horn_dl_benchmarks/elevator/original,TTL.owl,domain.pddl,elevatorProblem27.pddl
25,om_planning,elevator28,../examples/elevator/elevator28,elevator28.ttl,elevator.pddl,elevatorProblem28.pddl
26,horn_planning,elevator28,../examples/horn_dl_benchmarks/elevator/original,TTL.owl,domain.pddl,elevatorProblem28.pddl
27,om_planning,elevator29,../examples/elevator/elevator29,elevator29.ttl,elevator.pddl,elevatorProblem29.pddl
28,horn_planning,elevator29,../examples/horn_dl_benchmarks/elevator/original,TTL.owl,domain.pddl,elevatorProblem29.pddl
29,om_planning,elevator30,../examples/elevator/elevator30,elevator30.ttl,elevator.pddl,elevatorProblem30.pddl
30,horn_planning,elevator30,../examples/horn_dl_benchmarks/elevator/original,TTL.owl,domain.pddl,elevatorProblem30.pddl
31,om_planning,elevator31,../examples/elevator/elevator31,elevator31.ttl,elevator.pddl,elevatorProblem31.pddl
32,horn_planning,elevator31,../examples/horn_dl_benchmarks/elevator/original,TTL.owl,domain.pddl,elevatorProblem31.pddl
33,om_planning,elevator32,../examples/elevator/elevator32,elevator32.ttl,elevator.pddl,elevatorProblem32.pddl
34,horn_planning,elevator32,../examples/horn_dl_benchmarks/elevator/original,TTL.owl,domain.pddl,elevatorProblem32.pddl
35,om_planning,elevator33,../examples/elevator/elevator33,elevator33.ttl,elevator.pddl,elevatorProblem33.pddl
36,horn_planning,elevator33,../examples/horn_dl_benchmarks/elevator/original,TTL.owl,domain.pddl,elevatorProblem33.pddl
37,om_planning,elevator34,../examples/elevator/elevator34,elevator34.ttl,elevator.pddl,elevatorProblem34.pddl
38,horn_planning,elevator34,../examples/horn_dl_benchmarks/elevator/original,TTL.owl,domain.pddl,elevatorProblem34.pddl
39,om_planning,cats6,../examples/cats/6,cats6.ttl,cats.pddl,catsProblem6.pddl
40,horn_planning,cats6,../examples/horn_dl_benchmarks/cats/original,TTL.owl,domain.pddl,catProblem6.pddl
41,om_planning,cats7,../examples/cats/7,cats7.ttl,cats.pddl,catsProblem7.pddl
42,horn_planning,cats7,../examples/horn_dl_benchmarks/cats/original,TTL.owl,domain.pddl,catProblem7.pddl
43,om_planning,cats8,../examples/cats/8,cats8.ttl,cats.pddl,catsProblem8.pddl
44,horn_planning,cats8,../examples/horn_dl_benchmarks/cats/original,TTL.owl,domain.pddl,catProblem8.pddl
45,om_planning,cats9,../examples/cats/9,cats9.ttl,cats.pddl,catsProblem9.pddl
46,horn_planning,cats9,../examples/horn_dl_benchmarks/cats/original,TTL.owl,domain.pddl,catProblem9.pddl
47,om_planning,cats10,../examples/cats/10,cats10.ttl,cats.pddl,catsProblem10.pddl
48,horn_planning,cats10,../examples/horn_dl_benchmarks/cats/original,TTL.owl,domain.pddl,catProblem10.pddl
49,om_planning,cats11,../examples/cats/11,cats11.ttl,cats.pddl,catsProblem11.pddl
50,horn_planning,cats11,../examples/horn_dl_benchmarks/cats/original,TTL.owl,domain.pddl,catProblem11.pddl
51,om_planning,cats12,../examples/cats/12,cats12.ttl,cats.pddl,catsProblem12.pddl
52,horn_planning,cats12,../examples/horn_dl_benchmarks/cats/original,TTL.owl,domain.pddl,catProblem12.pddl
53,om_planning,cats13,../examples/cats/13,cats13.ttl,cats.pddl,catsProblem13.pddl
54,horn_planning,cats13,../examples/horn_dl_benchmarks/cats/original,TTL.owl,domain.pddl,catProblem13.pddl
55,om_planning,cats14,../examples/cats/14,cats14.ttl,cats.pddl,catsProblem14.pddl
56,horn_planning,cats14,../examples/horn_dl_benchmarks/cats/original,TTL.owl,domain.pddl,catProblem14.pddl
57,om_planning,cats15,../examples/cats/15,cats15.ttl,cats.pddl,catsProblem15.pddl
58,horn_planning,cats15,../examples/horn_dl_benchmarks/cats/original,TTL.owl,domain.pddl,catProblem15.pddl
59,om_planning,cats16,../examples/cats/16,cats16.ttl,cats.pddl,catsProblem16.pddl
60,horn_planning,cats16,../examples/horn_dl_benchmarks/cats/original,TTL.owl,domain.pddl,catProblem16.pddl
61,om_planning,cats17,../examples/cats/17,cats17.ttl,cats.pddl,catsProblem17.pddl
62,horn_planning,cats17,../examples/horn_dl_benchmarks/cats/original,TTL.owl,domain.pddl,catProblem17.pddl
63,om_planning,cats18,../examples/cats/18,cats18.ttl,cats.pddl,catsProblem18.pddl
64,horn_planning,cats18,../examples/horn_dl_benchmarks/cats/original,TTL.owl,domain.pddl,catProblem18.pddl
65,om_planning,cats19,../examples/cats/19,cats19.ttl,cats.pddl,catsProblem19.pddl
66,horn_planning,cats19,../examples/horn_dl_benchmarks/cats/original,TTL.owl,domain.pddl,catProblem19.pddl
67,om_planning,cats21,../examples/cats/21,cats21.ttl,cats.pddl,catsProblem21.pddl
68,horn_planning,cats21,../examples/horn_dl_benchmarks/cats/original,TTL.owl,domain.pddl,catProblem21.pddl
69,om_planning,cats22,../examples/cats/22,cats22.ttl,cats.pddl,catsProblem22.pddl
70,horn_planning,cats22,../examples/horn_dl_benchmarks/cats/original,TTL.owl,domain.pddl,catProblem22.pddl
71,om_planning,cats23,../examples/cats/23,cats23.ttl,cats.pddl,catsProblem23.pddl
72,horn_planning,cats23,../examples/horn_dl_benchmarks/cats/original,TTL.owl,domain.pddl,catProblem23.pddl
73,om_planning,cats24,../examples/cats/24,cats24.ttl,cats.pddl,catsProblem24.pddl
74,horn_planning,cats24,../examples/horn_dl_benchmarks/cats/original,TTL.owl,domain.pddl,catProblem24.pddl
75,om_planning,cats25,../examples/cats/25,cats25.ttl,cats.pddl,catsProblem25.pddl
76,horn_planning,cats25,../examples/horn_dl_benchmarks/cats/original,TTL.owl,domain.pddl,catProblem25.pddl
77,om_planning,drones5-5,../examples/drones/5-5,drone5-5.ttl,drone.pddl,droneProblem5-5.pddl
78,horn_planning,drones5-5,../examples/horn_dl_benchmarks/drones/original,TTL.owl,drone.pddl,droneProblem5-5.pddl
79,om_planning,drones5-6,../examples/drones/5-6,drone5-6.ttl,drone.pddl,droneProblem5-6.pddl
80,horn_planning,drones5-6,../examples/horn_dl_benchmarks/drones/original,TTL.owl,drone.pddl,droneProblem5-6.pddl
81,om_planning,drones5-7,../examples/drones/5-7,drone5-7.ttl,drone.pddl,droneProblem5-7.pddl
82,horn_planning,drones5-7,../examples/horn_dl_benchmarks/drones/original,TTL.owl,drone.pddl,droneProblem5-7.pddl
83,om_planning,drones5-8,../examples/drones/5-8,drone5-8.ttl,drone.pddl,droneProblem5-8.pddl
84,horn_planning,drones5-8,../examples/horn_dl_benchmarks/drones/original,TTL.owl,drone.pddl,droneProblem5-8.pddl
85,om_planning,drones6-5,../examples/drones/6-5,drone6-5.ttl,drone.pddl,droneProblem6-5.pddl
86,horn_planning,drones6-5,../examples/horn_dl_benchmarks/drones/original,TTL.owl,drone.pddl,droneProblem6-5.pddl
87,om_planning,drones6-6,../examples/drones/6-6,drone6-6.ttl,drone.pddl,droneProblem6-6.pddl
88,horn_planning,drones6-6,../examples/horn_dl_benchmarks/drones/original,TTL.owl,drone.pddl,droneProblem6-6.pddl
89,om_planning,drones6-7,../examples/drones/6-7,drone6-7.ttl,drone.pddl,droneProblem6-7.pddl
90,horn_planning,drones6-7,../examples/horn_dl_benchmarks/drones/original,TTL.owl,drone.pddl,droneProblem6-7.pddl
91,om_planning,drones6-8,../examples/drones/6-8,drone6-8.ttl,drone.pddl,droneProblem6-8.pddl
92,horn_planning,drones6-8,../examples/horn_dl_benchmarks/drones/original,TTL.owl,drone.pddl,droneProblem6-8.pddl
93,om_planning,drones7-5,../examples/drones/7-5,drone7-5.ttl,drone.pddl,droneProblem7-5.pddl
94,horn_planning,drones7-5,../examples/horn_dl_benchmarks/drones/original,TTL.owl,drone.pddl,droneProblem7-5.pddl
95,om_planning,drones7-6,../examples/drones/7-6,drone7-6.ttl,drone.pddl,droneProblem7-6.pddl
96,horn_planning,drones7-6,../examples/horn_dl_benchmarks/drones/original,TTL.owl,drone.pddl,droneProblem7-6.pddl
97,om_planning,drones7-7,../examples/drones/7-7,drone7-7.ttl,drone.pddl,droneProblem7-7.pddl
98,horn_planning,drones7-7,../examples/horn_dl_benchmarks/drones/original,TTL.owl,drone.pddl,droneProblem7-7.pddl
99,om_planning,drones7-8,../examples/drones/7-8,drone7-8.ttl,drone.pddl,droneProblem7-8.pddl
100,horn_planning,drones7-8,../examples/horn_dl_benchmarks/drones/original,TTL.owl,drone.pddl,droneProblem7-8.pddl
101,om_planning,drones8-5,../examples/drones/8-5,drone8-5.ttl,drone.pddl,droneProblem8-5.pddl
102,horn_planning,drones8-5,../examples/horn_dl_benchmarks/drones/original,TTL.owl,drone.pddl,droneProblem8-5.pddl
103,om_planning,drones8-6,../examples/drones/8-6,drone8-6.ttl,drone.pddl,droneProblem8-6.pddl
104,horn_planning,drones8-6,../examples/horn_dl_benchmarks/drones/original,TTL.owl,drone.pddl,droneProblem8-6.pddl
105,om_planning,drones8-7,../examples/drones/8-7,drone8-7.ttl,drone.pddl,droneProblem8-7.pddl
106,horn_planning,drones8-7,../examples/horn_dl_benchmarks/drones/original,TTL.owl,drone.pddl,droneProblem8-7.pddl
107,om_planning,drones8-8,../examples/drones/8-8,drone8-8.ttl,drone.pddl,droneProblem8-8.pddl
108,horn_planning,drones8-8,../examples/horn_dl_benchmarks/drones/original,TTL.owl,drone.pddl,droneProblem8-8.pddl
109,om_planning,drones9-5,../examples/drones/9-5,drone9-5.ttl,drone.pddl,droneProblem9-5.pddl
110,horn_planning,drones9-5,../examples/horn_dl_benchmarks/drones/original,TTL.owl,drone.pddl,droneProblem9-5.pddl
111,om_planning,drones9-6,../examples/drones/9-6,drone9-6.ttl,drone.pddl,droneProblem9-6.pddl
112,horn_planning,drones9-6,../examples/horn_dl_benchmarks/drones/original,TTL.owl,drone.pddl,droneProblem9-6.pddl
113,om_planning,drones9-7,../examples/drones/9-7,drone9-7.ttl,drone.pddl,droneProblem9-7.pddl
114,horn_planning,drones9-7,../examples/horn_dl_benchmarks/drones/original,TTL.owl,drone.pddl,droneProblem9-7.pddl
115,om_planning,drones9-8,../examples/drones/9-8,drone9-8.ttl,drone.pddl,droneProblem9-8.pddl
116,horn_planning,drones9-8,../examples/horn_dl_benchmarks/drones/original,TTL.owl,drone.pddl,droneProblem9-8.pddl
117,om_planning,drones10-5,../examples/drones/10-5,drone10-5.ttl,drone.pddl,droneProblem10-5.pddl
118,horn_planning,drones10-5,../examples/horn_dl_benchmarks/drones/original,TTL.owl,drone.pddl,droneProblem10-5.pddl
119,om_planning,drones10-6,../examples/drones/10-6,drone10-6.ttl,drone.pddl,droneProblem10-6.pddl
120,horn_planning,drones10-6,../examples/horn_dl_benchmarks/drones/original,TTL.owl,drone.pddl,droneProblem10-6.pddl
121,om_planning,drones10-7,../examples/drones/10-7,drone10-7.ttl,drone.pddl,droneProblem10-7.pddl
122,horn_planning,drones10-7,../examples/horn_dl_benchmarks/drones/original,TTL.owl,drone.pddl,droneProblem10-7.pddl
123,om_planning,drones10-8,../examples/drones/10-8,drone10-8.ttl,drone.pddl,droneProblem10-8.pddl
124,horn_planning,drones10-8,../examples/horn_dl_benchmarks/drones/original,TTL.owl,drone.pddl,droneProblem10-8.pddl
125,om_planning,drones3,../examples/taskAssign/3,task3.ttl,domain.pddl,taskProblem3.pddl
126,horn_planning,taskAssign3,../examples/horn_dl_benchmarks/taskassign/original,TTL.owl,domain.pddl,taskProblem3.pddl
127,om_planning,drones4,../examples/taskAssign/4,task4.ttl,domain.pddl,taskProblem4.pddl
128,horn_planning,taskAssign4,../examples/horn_dl_benchmarks/taskassign/original,TTL.owl,domain.pddl,taskProblem4.pddl
129,om_planning,drones5,../examples/taskAssign/5,task5.ttl,domain.pddl,taskProblem5.pddl
130,horn_planning,taskAssign5,../examples/horn_dl_benchmarks/taskassign/original,TTL.owl,domain.pddl,taskProblem5.pddl
131,om_planning,drones6,../examples/taskAssign/6,task6.ttl,domain.pddl,taskProblem6.pddl
132,horn_planning,taskAssign6,../examples/horn_dl_benchmarks/taskassign/original,TTL.owl,domain.pddl,taskProblem6.pddl
133,om_planning,drones7,../examples/taskAssign/7,task7.ttl,domain.pddl,taskProblem7.pddl
134,horn_planning,taskAssign7,../examples/horn_dl_benchmarks/taskassign/original,TTL.owl,domain.pddl,taskProblem7.pddl
135,om_planning,drones8,../examples/taskAssign/8,task8.ttl,domain.pddl,taskProblem8.pddl
136,horn_planning,taskAssign8,../examples/horn_dl_benchmarks/taskassign/original,TTL.owl,domain.pddl,taskProblem8.pddl
137,om_planning,drones9,../examples/taskAssign/9,task9.ttl,domain.pddl,taskProblem9.pddl
138,horn_planning,taskAssign9,../examples/horn_dl_benchmarks/taskassign/original,TTL.owl,domain.pddl,taskProblem9.pddl
139,om_planning,drones10,../examples/taskAssign/10,task10.ttl,domain.pddl,taskProblem10.pddl
140,horn_planning,taskAssign10,../examples/horn_dl_benchmarks/taskassign/original,TTL.owl,domain.pddl,taskProblem10.pddl
141,om_planning,drones11,../examples/taskAssign/11,task11.ttl,domain.pddl,taskProblem11.pddl
142,horn_planning,taskAssign11,../examples/horn_dl_benchmarks/taskassign/original,TTL.owl,domain.pddl,taskProblem11.pddl
143,om_planning,drones12,../examples/taskAssign/12,task12.ttl,domain.pddl,taskProblem12.pddl
144,horn_planning,taskAssign12,../examples/horn_dl_benchmarks/taskassign/original,TTL.owl,domain.pddl,taskProblem12.pddl
145,om_planning,drones13,../examples/taskAssign/13,task13.ttl,domain.pddl,taskProblem13.pddl
146,horn_planning,taskAssign13,../examples/horn_dl_benchmarks/taskassign/original,TTL.owl,domain.pddl,taskProblem13.pddl
147,om_planning,drones14,../examples/taskAssign/14,task14.ttl,domain.pddl,taskProblem14.pddl
148,horn_planning,taskAssign14,../examples/horn_dl_benchmarks/taskassign/original,TTL.owl,domain.pddl,taskProblem14.pddl
149,om_planning,drones15,../examples/taskAssign/15,task15.ttl,domain.pddl,taskProblem15.pddl
150,horn_planning,taskAssign15,../examples/horn_dl_benchmarks/taskassign/original,TTL.owl,domain.pddl,taskProblem15.pddl
151,om_planning,drones16,../examples/taskAssign/16,task16.ttl,domain.pddl,taskProblem16.pddl
152,horn_planning,taskAssign16,../examples/horn_dl_benchmarks/taskassign/original,TTL.owl,domain.pddl,taskProblem16.pddl
153,om_planning,drones17,../examples/taskAssign/17,task17.ttl,domain.pddl,taskProblem17.pddl
154,horn_planning,taskAssign17,../examples/horn_dl_benchmarks/taskassign/original,TTL.owl,domain.pddl,taskProblem17.pddl
155,om_planning,drones18,../examples/taskAssign/18,task18.ttl,domain.pddl,taskProblem18.pddl
156,horn_planning,taskAssign18,../examples/horn_dl_benchmarks/taskassign/original,TTL.owl,domain.pddl,taskProblem18.pddl
157,om_planning,drones19,../examples/taskAssign/19,task19.ttl,domain.pddl,taskProblem19.pddl
158,horn_planning,taskAssign19,../examples/horn_dl_benchmarks/taskassign/original,TTL.owl,domain.pddl,taskProblem19.pddl
159,om_planning,drones21,../examples/taskAssign/21,task21.ttl,domain.pddl,taskProblem21.pddl
160,horn_planning,taskAssign21,../examples/horn_dl_benchmarks/taskassign/original,TTL.owl,domain.pddl,taskProblem21.pddl
161,om_planning,drones22,../examples/taskAssign/22,task22.ttl,domain.pddl,taskProblem22.pddl
162,horn_planning,taskAssign22,../examples/horn_dl_benchmarks/taskassign/original,TTL.owl,domain.pddl,taskProblem22.pddl
163,om_planning,tpsa4,../examples/tpsa/4,tpsa4.ttl,domain.pddl,orderProblem4.pddl
164,horn_planning,tpsa4,../examples/horn_dl_benchmarks/tpsa/original,TTL.owl,domain.pddl,orderProblem4.pddl
165,om_planning,tpsa5,../examples/tpsa/5,tpsa5.ttl,domain.pddl,orderProblem5.pddl
166,horn_planning,tpsa5,../examples/horn_dl_benchmarks/tpsa/original,TTL.owl,domain.pddl,orderProblem5.pddl
167,om_planning,tpsa6,../examples/tpsa/6,tpsa6.ttl,domain.pddl,orderProblem6.pddl
168,horn_planning,tpsa6,../examples/horn_dl_benchmarks/tpsa/original,TTL.owl,domain.pddl,orderProblem6.pddl
169,om_planning,tpsa7,../examples/tpsa/7,tpsa7.ttl,domain.pddl,orderProblem7.pddl
170,horn_planning,tpsa7,../examples/horn_dl_benchmarks/tpsa/original,TTL.owl,domain.pddl,orderProblem7.pddl
171,om_planning,tpsa10,../examples/tpsa/10,tpsa10.ttl,domain.pddl,orderProblem10.pddl
172,horn_planning,tpsa10,../examples/horn_dl_benchmarks/tpsa/original,TTL.owl,domain.pddl,orderProblem10.pddl
173,om_planning,tpsa15,../examples/tpsa/15,tpsa15.ttl,domain.pddl,orderProblem15.pddl
174,horn_planning,tpsa15,../examples/horn_dl_benchmarks/tpsa/original,TTL.owl,domain.pddl,orderProblem15.pddl
175,om_planning,tpsa20,../examples/tpsa/20,tpsa20.ttl,domain.pddl,orderProblem20.pddl
176,horn_planning,tpsa20,../examples/horn_dl_benchmarks/tpsa/original,TTL.owl,domain.pddl,orderProblem20.pddl
177,om_planning,tpsa25,../examples/tpsa/25,tpsa25.ttl,domain.pddl,orderProblem25.pddl
178,horn_planning,tpsa25,../examples/horn_dl_benchmarks/tpsa/original,TTL.owl,domain.pddl,orderProblem25.pddl
179,om_planning,tpsa30,../examples/tpsa/30,tpsa30.ttl,domain.pddl,orderProblem30.pddl
180,horn_planning,tpsa30,../examples/horn_dl_benchmarks/tpsa/original,TTL.owl,domain.pddl,orderProblem30.pddl
181,om_planning,tpsa35,../examples/tpsa/35,tpsa35.ttl,domain.pddl,orderProblem35.pddl
182,horn_planning,tpsa35,../examples/horn_dl_benchmarks/tpsa/original,TTL.owl,domain.pddl,orderProblem35.pddl
183,om_planning,tpsa40,../examples/tpsa/40,tpsa40.ttl,domain.pddl,orderProblem40.pddl
184,horn_planning,tpsa40,../examples/horn_dl_benchmarks/tpsa/original,TTL.owl,domain.pddl,orderProblem40.pddl
185,om_planning,tpsa45,../examples/tpsa/45,tpsa45.ttl,domain.pddl,orderProblem45.pddl
186,horn_planning,tpsa45,../examples/horn_dl_benchmarks/tpsa/original,TTL.owl,domain.pddl,orderProblem45.pddl
187,om_planning,tpsa50,../examples/tpsa/50,tpsa50.ttl,domain.pddl,orderProblem50.pddl
188,horn_planning,tpsa50,../examples/horn_dl_benchmarks/tpsa/original,TTL.owl,domain.pddl,orderProblem50.pddl
189,om_planning,tpsa55,../examples/tpsa/55,tpsa55.ttl,domain.pddl,orderProblem55.pddl
190,horn_planning,tpsa55,../examples/horn_dl_benchmarks/tpsa/original,TTL.owl,domain.pddl,orderProblem55.pddl
191,om_planning,tpsa60,../examples/tpsa/60,tpsa60.ttl,domain.pddl,orderProblem60.pddl
192,horn_planning,tpsa60,../examples/horn_dl_benchmarks/tpsa/original,TTL.owl,domain.pddl,orderProblem60.pddl
193,om_planning,vta4,../examples/vta/4,vta4.ttl,domain.pddl,tripProblem4.pddl
194,horn_planning,vta4,../examples/horn_dl_benchmarks/vta/original,TTL.owl,domain.pddl,tripProblem4.pddl
195,om_planning,vta5,../examples/vta/5,vta5.ttl,domain.pddl,tripProblem5.pddl
196,horn_planning,vta5,../examples/horn_dl_benchmarks/vta/original,TTL.owl,domain.pddl,tripProblem5.pddl
197,om_planning,vta6,../examples/vta/6,vta6.ttl,domain.pddl,tripProblem6.pddl
198,horn_planning,vta6,../examples/horn_dl_benchmarks/vta/original,TTL.owl,domain.pddl,tripProblem6.pddl
199,om_planning,vta7,../examples/vta/7,vta7.ttl,domain.pddl,tripProblem7.pddl
200,horn_planning,vta7,../examples/horn_dl_benchmarks/vta/original,TTL.owl,domain.pddl,tripProblem7.pddl
201,om_planning,vta10,../examples/vta/10,vta10.ttl,domain.pddl,tripProblem10.pddl
202,horn_planning,vta10,../examples/horn_dl_benchmarks/vta/original,TTL.owl,domain.pddl,tripProblem10.pddl
203,om_planning,vta15,../examples/vta/15,vta15.ttl,domain.pddl,tripProblem15.pddl
204,horn_planning,vta15,../examples/horn_dl_benchmarks/vta/original,TTL.owl,domain.pddl,tripProblem15.pddl
205,om_planning,vta20,../examples/vta/20,vta20.ttl,domain.pddl,tripProblem20.pddl
206,horn_planning,vta20,../examples/horn_dl_benchmarks/vta/original,TTL.owl,domain.pddl,tripProblem20.pddl
207,om_planning,vta25,../examples/vta/25,vta25.ttl,domain.pddl,tripProblem25.pddl
208,horn_planning,vta25,../examples/horn_dl_benchmarks/vta/original,TTL.owl,domain.pddl,tripProblem25.pddl
209,om_planning,vta30,../examples/vta/30,vta30.ttl,domain.pddl,tripProblem30.pddl
210,horn_planning,vta30,../examples/horn_dl_benchmarks/vta/original,TTL.owl,domain.pddl,tripProblem30.pddl
211,om_planning,vta35,../examples/vta/35,vta35.ttl,domain.pddl,tripProblem35.pddl
212,horn_planning,vta35,../examples/horn_dl_benchmarks/vta/original,TTL.owl,domain.pddl,tripProblem35.pddl
213,om_planning,vta40,../examples/vta/40,vta40.ttl,domain.pddl,tripProblem40.pddl
214,horn_planning,vta40,../examples/horn_dl_benchmarks/vta/original,TTL.owl,domain.pddl,tripProblem40.pddl
215,om_planning,vta45,../examples/vta/45,vta45.ttl,domain.pddl,tripProblem45.pddl
216,horn_planning,vta45,../examples/horn_dl_benchmarks/vta/original,TTL.owl,domain.pddl,tripProblem45.pddl
217,om_planning,vta50,../examples/vta/50,vta50.ttl,domain.pddl,tripProblem50.pddl
218,horn_planning,vta50,../examples/horn_dl_benchmarks/vta/original,TTL.owl,domain.pddl,tripProblem50.pddl
219,om_planning,vta55,../examples/vta/55,vta55.ttl,domain.pddl,tripProblem55.pddl
220,horn_planning,vta55,../examples/horn_dl_benchmarks/vta/original,TTL.owl,domain.pddl,tripProblem55.pddl
221,om_planning,vta60,../examples/vta/60,vta60.ttl,domain.pddl,tripProblem60.pddl
222,horn_planning,vta60,../examples/horn_dl_benchmarks/vta/original,TTL.owl,domain.pddl,tripProblem60.pddl
223,om_planning,vta-roles4,../examples/vta_roles/4,vta-roles4.ttl,domain.pddl,tripProblem4.pddl
224,horn_planning,vta-roles4,../examples/horn_dl_benchmarks/vta-roles/original,TTL.owl,domain.pddl,tripProblem4.pddl
225,om_planning,vta-roles5,../examples/vta_roles/5,vta-roles5.ttl,domain.pddl,tripProblem5.pddl
226,horn_planning,vta-roles5,../examples/horn_dl_benchmarks/vta-roles/original,TTL.owl,domain.pddl,tripProblem5.pddl
227,om_planning,vta-roles6,../examples/vta_roles/6,vta-roles6.ttl,domain.pddl,tripProblem6.pddl
228,horn_planning,vta-roles6,../examples/horn_dl_benchmarks/vta-roles/original,TTL.owl,domain.pddl,tripProblem6.pddl
229,om_planning,vta-roles7,../examples/vta_roles/7,vta-roles7.ttl,domain.pddl,tripProblem7.pddl
230,horn_planning,vta-roles7,../examples/horn_dl_benchmarks/vta-roles/original,TTL.owl,domain.pddl,tripProblem7.pddl
231,om_planning,vta-roles10,../examples/vta_roles/10,vta-roles10.ttl,domain.pddl,tripProblem10.pddl
232,horn_planning,vta-roles10,../examples/horn_dl_benchmarks/vta-roles/original,TTL.owl,domain.pddl,tripProblem10.pddl
233,om_planning,vta-roles15,../examples/vta_roles/15,vta-roles15.ttl,domain.pddl,tripProblem15.pddl
234,horn_planning,vta-roles15,../examples/horn_dl_benchmarks/vta-roles/original,TTL.owl,domain.pddl,tripProblem15.pddl
235,om_planning,vta-roles20,../examples/vta_roles/20,vta-roles20.ttl,domain.pddl,tripProblem20.pddl
236,horn_planning,vta-roles20,../examples/horn_dl_benchmarks/vta-roles/original,TTL.owl,domain.pddl,tripProblem20.pddl
237,om_planning,vta-roles25,../examples/vta_roles/25,vta-roles25.ttl,domain.pddl,tripProblem25.pddl
238,horn_planning,vta-roles25,../examples/horn_dl_benchmarks/vta-roles/original,TTL.owl,domain.pddl,tripProblem25.pddl
239,om_planning,vta-roles30,../examples/vta_roles/30,vta-roles30.ttl,domain.pddl,tripProblem30.pddl
240,horn_planning,vta-roles30,../examples/horn_dl_benchmarks/vta-roles/original,TTL.owl,domain.pddl,tripProblem30.pddl
241,om_planning,vta-roles35,../examples/vta_roles/35,vta-roles35.ttl,domain.pddl,tripProblem35.pddl
242,horn_planning,vta-roles35,../examples/horn_dl_benchmarks/vta-roles/original,TTL.owl,domain.pddl,tripProblem35.pddl
243,om_planning,vta-roles40,../examples/vta_roles/40,vta-roles40.ttl,domain.pddl,tripProblem40.pddl
244,horn_planning,vta-roles40,../examples/horn_dl_benchmarks/vta-roles/original,TTL.owl,domain.pddl,tripProblem40.pddl
245,om_planning,vta-roles45,../examples/vta_roles/45,vta-roles45.ttl,domain.pddl,tripProblem45.pddl
246,horn_planning,vta-roles45,../examples/horn_dl_benchmarks/vta-roles/original,TTL.owl,domain.pddl,tripProblem45.pddl
247,om_planning,vta-roles50,../examples/vta_roles/50,vta-roles50.ttl,domain.pddl,tripProblem50.pddl
248,horn_planning,vta-roles50,../examples/horn_dl_benchmarks/vta-roles/original,TTL.owl,domain.pddl,tripProblem50.pddl
249,om_planning,vta-roles55,../examples/vta_roles/55,vta-roles55.ttl,domain.pddl,tripProblem55.pddl
250,horn_planning,vta-roles55,../examples/horn_dl_benchmarks/vta-roles/original,TTL.owl,domain.pddl,tripProblem55.pddl
251,om_planning,vta-roles60,../examples/vta_roles/60,vta-roles60.ttl,domain.pddl,tripProblem60.pddl
252,horn_planning,vta-roles60,../examples/horn_dl_benchmarks/vta-roles/original,TTL.owl,domain.pddl,tripProblem60.pddl
253,om_planning,queens5-1,../examples/queens/5-1,queens5-1.ttl,queens.pddl,problem5-1.pddl
254,horn_planning,queens5-1,../examples/horn_dl_benchmarks/queens/original,TTL.owl,domain.pddl,problem5-1.pddl
255,om_planning,queens5-2,../examples/queens/5-2,queens5-2.ttl,queens.pddl,problem5-2.pddl
256,horn_planning,queens5-2,../examples/horn_dl_benchmarks/queens/original,TTL.owl,domain.pddl,problem5-2.pddl
257,om_planning,queens5-3,../examples/queens/5-3,queens5-3.ttl,queens.pddl,problem5-3.pddl
258,horn_planning,queens5-3,../examples/horn_dl_benchmarks/queens/original,TTL.owl,domain.pddl,problem5-3.pddl
259,om_planning,queens5-4,../examples/queens/5-4,queens5-4.ttl,queens.pddl,problem5-4.pddl
260,horn_planning,queens5-4,../examples/horn_dl_benchmarks/queens/original,TTL.owl,domain.pddl,problem5-4.pddl
261,om_planning,queens5-5,../examples/queens/5-5,queens5-5.ttl,queens.pddl,problem5-5.pddl
262,horn_planning,queens5-5,../examples/horn_dl_benchmarks/queens/original,TTL.owl,domain.pddl,problem5-5.pddl
263,om_planning,queens6-2,../examples/queens/6-2,queens6-2.ttl,queens.pddl,problem6-2.pddl
264,horn_planning,queens6-2,../examples/horn_dl_benchmarks/queens/original,TTL.owl,domain.pddl,problem6-2.pddl
265,om_planning,queens6-3,../examples/queens/6-3,queens6-3.ttl,queens.pddl,problem6-3.pddl
266,horn_planning,queens6-3,../examples/horn_dl_benchmarks/queens/original,TTL.owl,domain.pddl,problem6-3.pddl
267,om_planning,queens6-4,../examples/queens/6-4,queens6-4.ttl,queens.pddl,problem6-4.pddl
268,horn_planning,queens6-4,../examples/horn_dl_benchmarks/queens/original,TTL.owl,domain.pddl,problem6-4.pddl
269,om_planning,queens6-5,../examples/queens/6-5,queens6-5.ttl,queens.pddl,problem6-5.pddl
270,horn_planning,queens6-5,../examples/horn_dl_benchmarks/queens/original,TTL.owl,domain.pddl,problem6-5.pddl
271,om_planning,queens6-6,../examples/queens/6-6,queens6-6.ttl,queens.pddl,problem6-6.pddl
272,horn_planning,queens6-6,../examples/horn_dl_benchmarks/queens/original,TTL.owl,domain.pddl,problem6-6.pddl
273,om_planning,queens7-3,../examples/queens/7-3,queens7-3.ttl,queens.pddl,problem7-3.pddl
274,horn_planning,queens7-3,../examples/horn_dl_benchmarks/queens/original,TTL.owl,domain.pddl,problem7-3.pddl
275,om_planning,queens7-4,../examples/queens/7-4,queens7-4.ttl,queens.pddl,problem7-4.pddl
276,horn_planning,queens7-4,../examples/horn_dl_benchmarks/queens/original,TTL.owl,domain.pddl,problem7-4.pddl
277,om_planning,queens7-5,../examples/queens/7-5,queens7-5.ttl,queens.pddl,problem7-5.pddl
278,horn_planning,queens7-5,../examples/horn_dl_benchmarks/queens/original,TTL.owl,domain.pddl,problem7-5.pddl
279,om_planning,queens7-6,../examples/queens/7-6,queens7-6.ttl,queens.pddl,problem7-6.pddl
280,horn_planning,queens7-6,../examples/horn_dl_benchmarks/queens/original,TTL.owl,domain.pddl,problem7-6.pddl
281,om_planning,queens7-7,../examples/queens/7-7,queens7-7.ttl,queens.pddl,problem7-7.pddl
282,horn_planning,queens7-7,../examples/horn_dl_benchmarks/queens/original,TTL.owl,domain.pddl,problem7-7.pddl
283,om_planning,queens8-4,../examples/queens/8-4,queens8-4.ttl,queens.pddl,problem8-4.pddl
284,horn_planning,queens8-4,../examples/horn_dl_benchmarks/queens/original,TTL.owl,domain.pddl,problem8-4.pddl
285,om_planning,queens8-5,../examples/queens/8-5,queens8-5.ttl,queens.pddl,problem8-5.pddl
286,horn_planning,queens8-5,../examples/horn_dl_benchmarks/queens/original,TTL.owl,domain.pddl,problem8-5.pddl
287,om_planning,queens8-6,../examples/queens/8-6,queens8-6.ttl,queens.pddl,problem8-6.pddl
288,horn_planning,queens8-6,../examples/horn_dl_benchmarks/queens/original,TTL.owl,domain.pddl,problem8-6.pddl
289,om_planning,queens8-7,../examples/queens/8-7,queens8-7.ttl,queens.pddl,problem8-7.pddl
290,horn_planning,queens8-7,../examples/horn_dl_benchmarks/queens/original,TTL.owl,domain.pddl,problem8-7.pddl
291,om_planning,queens8-8,../examples/queens/8-8,queens8-8.ttl,queens.pddl,problem8-8.pddl
292,horn_planning,queens8-8,../examples/horn_dl_benchmarks/queens/original,TTL.owl,domain.pddl,problem8-8.pddl
293,om_planning,queens9-5,../examples/queens/9-5,queens9-5.ttl,queens.pddl,problem9-5.pddl
294,horn_planning,queens9-5,../examples/horn_dl_benchmarks/queens/original,TTL.owl,domain.pddl,problem9-5.pddl
295,om_planning,queens9-6,../examples/queens/9-6,queens9-6.ttl,queens.pddl,problem9-6.pddl
296,horn_planning,queens9-6,../examples/horn_dl_benchmarks/queens/original,TTL.owl,domain.pddl,problem9-6.pddl
297,om_planning,queens9-7,../examples/queens/9-7,queens9-7.ttl,queens.pddl,problem9-7.pddl
298,horn_planning,queens9-7,../examples/horn_dl_benchmarks/queens/original,TTL.owl,domain.pddl,problem9-7.pddl
299,om_planning,queens9-8,../examples/queens/9-8,queens9-8.ttl,queens.pddl,problem9-8.pddl
300,horn_planning,queens9-8,../examples/horn_dl_benchmarks/queens/original,TTL.owl,domain.pddl,problem9-8.pddl
301,om_planning,queens9-9,../examples/queens/9-9,queens9-9.ttl,queens.pddl,problem9-9.pddl
302,horn_planning,queens9-9,../examples/horn_dl_benchmarks/queens/original,TTL.owl,domain.pddl,problem9-9.pddl
303,om_planning,queens10-6,../examples/queens/10-6,queens10-6.ttl,queens.pddl,problem10-6.pddl
304,horn_planning,queens10-6,../examples/horn_dl_benchmarks/queens/original,TTL.owl,domain.pddl,problem10-6.pddl
305,om_planning,queens10-7,../examples/queens/10-7,queens10-7.ttl,queens.pddl,problem10-7.pddl
306,horn_planning,queens10-7,../examples/horn_dl_benchmarks/queens/original,TTL.owl,domain.pddl,problem10-7.pddl
307,om_planning,queens10-8,../examples/queens/10-8,queens10-8.ttl,queens.pddl,problem10-8.pddl
308,horn_planning,queens10-8,../examples/horn_dl_benchmarks/queens/original,TTL.owl,domain.pddl,problem10-8.pddl
309,om_planning,queens10-9,../examples/queens/10-9,queens10-9.ttl,queens.pddl,problem10-9.pddl
310,horn_planning,queens10-9,../examples/horn_dl_benchmarks/queens/original,TTL.owl,domain.pddl,problem10-9.pddl
311,om_planning,queens10-10,../examples/queens/10-10,queens10-10.ttl,queens.pddl,problem10-10.pddl
312,horn_planning,queens10-10,../examples/horn_dl_benchmarks/queens/original,TTL.owl,domain.pddl,problem10-10.pddl
313,om_planning,robot3,../examples/robot/3,TTL3.owl,robotDomain3.pddl,robotProblem3.pddl
314,horn_planning,robot3,../examples/horn_dl_benchmarks/robot/original,TTL3.owl,robotDomain3.pddl,robotProblem3.pddl
315,om_planning,robot4,../examples/robot/4,TTL4.owl,robotDomain4.pddl,robotProblem4.pddl
316,horn_planning,robot4,../examples/horn_dl_benchmarks/robot/original,TTL4.owl,robotDomain4.pddl,robotProblem4.pddl
317,om_planning,robot5,../examples/robot/5,TTL5.owl,robotDomain5.pddl,robotProblem5.pddl
318,horn_planning,robot5,../examples/horn_dl_benchmarks/robot/original,TTL5.owl,robotDomain5.pddl,robotProblem5.pddl
319,om_planning,robot6,../examples/robot/6,TTL6.owl,robotDomain6.pddl,robotProblem6.pddl
320,horn_planning,robot6,../examples/horn_dl_benchmarks/robot/original,TTL6.owl,robotDomain6.pddl,robotProblem6.pddl
321,om_planning,robot7,../examples/robot/7,TTL7.owl,robotDomain7.pddl,robotProblem7.pddl
322,horn_planning,robot7,../examples/horn_dl_benchmarks/robot/original,TTL7.owl,robotDomain7.pddl,robotProblem7.pddl
323,om_planning,robot8,../examples/robot/8,TTL8.owl,robotDomain8.pddl,robotProblem8.pddl
324,horn_planning,robot8,../examples/horn_dl_benchmarks/robot/original,TTL8.owl,robotDomain8.pddl,robotProblem8.pddl
325,om_planning,robot9,../examples/robot/9,TTL9.owl,robotDomain9.pddl,robotProblem9.pddl
326,horn_planning,robot9,../examples/horn_dl_benchmarks/robot/original,TTL9.owl,robotDomain9.pddl,robotProblem9.pddl
327,om_planning,robot10,../examples/robot/10,TTL10.owl,robotDomain10.pddl,robotProblem10.pddl
328,horn_planning,robot10,../examples/horn_dl_benchmarks/robot/original,TTL10.owl,robotDomain10.pddl,robotProblem10.pddl
329,om_planning,robot11,../examples/robot/11,TTL11.owl,robotDomain11.pddl,robotProblem11.pddl
330,horn_planning,robot11,../examples/horn_dl_benchmarks/robot/original,TTL11.owl,robotDomain11.pddl,robotProblem11.pddl
331,om_planning,robot12,../examples/robot/12,TTL12.owl,robotDomain12.pddl,robotProblem12.pddl
332,horn_planning,robot12,../examples/horn_dl_benchmarks/robot/original,TTL12.owl,robotDomain12.pddl,robotProblem12.pddl
333,om_planning,robot13,../examples/robot/13,TTL13.owl,robotDomain13.pddl,robotProblem13.pddl
334,horn_planning,robot13,../examples/horn_dl_benchmarks/robot/original,TTL13.owl,robotDomain13.pddl,robotProblem13.pddl
335,om_planning,robot14,../examples/robot/14,TTL14.owl,robotDomain14.pddl,robotProblem14.pddl
336,horn_planning,robot14,../examples/horn_dl_benchmarks/robot/original,TTL14.owl,robotDomain14.pddl,robotProblem14.pddl
337,om_planning,robot15,../examples/robot/15,TTL15.owl,robotDomain15.pddl,robotProblem15.pddl
338,horn_planning,robot15,../examples/horn_dl_benchmarks/robot/original,TTL15.owl,robotDomain15.pddl,robotProblem15.pddl
339,om_planning,robot16,../examples/robot/16,TTL16.owl,robotDomain16.pddl,robotProblem16.pddl
340,horn_planning,robot16,../examples/horn_dl_benchmarks/robot/original,TTL16.owl,robotDomain16.pddl,robotProblem16.pddl
341,om_planning,robot17,../examples/robot/17,TTL17.owl,robotDomain17.pddl,robotProblem17.pddl
342,horn_planning,robot17,../examples/horn_dl_benchmarks/robot/original,TTL17.owl,robotDomain17.pddl,robotProblem17.pddl
343,om_planning,robot18,../examples/robot/18,TTL18.owl,robotDomain18.pddl,robotProblem18.pddl
344,horn_planning,robot18,../examples/horn_dl_benchmarks/robot/original,TTL18.owl,robotDomain18.pddl,robotProblem18.pddl
345,om_planning,robot19,../examples/robot/19,TTL19.owl,robotDomain19.pddl,robotProblem19.pddl
346,horn_planning,robot19,../examples/horn_dl_benchmarks/robot/original,TTL19.owl,robotDomain19.pddl,robotProblem19.pddl
347,om_planning,robot20,../examples/robot/20,TTL20.owl,robotDomain20.pddl,robotProblem20.pddl
348,horn_planning,robot20,../examples/horn_dl_benchmarks/robot/original,TTL20.owl,robotDomain20.pddl,robotProblem20.pddl
349,om_planning,robot21,../examples/robot/21,TTL21.owl,robotDomain21.pddl,robotProblem21.pddl
350,horn_planning,robot21,../examples/horn_dl_benchmarks/robot/original,TTL21.owl,robotDomain21.pddl,robotProblem21.pddl
351,om_planning,robot22,../examples/robot/22,TTL22.owl,robotDomain22.pddl,robotProblem22.pddl
352,horn_planning,robot22,../examples/horn_dl_benchmarks/robot/original,TTL22.owl,robotDomain22.pddl,robotProblem22.pddl
353,om_planning,robotConj3,../examples/robotConj/3,TTL3.owl,robotDomain3.pddl,robotProblem3.pddl
354,horn_planning,robotConj3,../examples/horn_dl_benchmarks/robotConj/original,TTL3.owl,robotDomain3.pddl,robotProblem3.pddl
355,om_planning,robotConj4,../examples/robotConj/4,TTL4.owl,robotDomain4.pddl,robotProblem4.pddl
356,horn_planning,robotConj4,../examples/horn_dl_benchmarks/robotConj/original,TTL4.owl,robotDomain4.pddl,robotProblem4.pddl
357,om_planning,robotConj5,../examples/robotConj/5,TTL5.owl,robotDomain5.pddl,robotProblem5.pddl
358,horn_planning,robotConj5,../examples/horn_dl_benchmarks/robotConj/original,TTL5.owl,robotDomain5.pddl,robotProblem5.pddl
359,om_planning,robotConj6,../examples/robotConj/6,TTL6.owl,robotDomain6.pddl,robotProblem6.pddl
360,horn_planning,robotConj6,../examples/horn_dl_benchmarks/robotConj/original,TTL6.owl,robotDomain6.pddl,robotProblem6.pddl
361,om_planning,robotConj7,../examples/robotConj/7,TTL7.owl,robotDomain7.pddl,robotProblem7.pddl
362,horn_planning,robotConj7,../examples/horn_dl_benchmarks/robotConj/original,TTL7.owl,robotDomain7.pddl,robotProblem7.pddl
363,om_planning,robotConj8,../examples/robotConj/8,TTL8.owl,robotDomain8.pddl,robotProblem8.pddl
364,horn_planning,robotConj8,../examples/horn_dl_benchmarks/robotConj/original,TTL8.owl,robotDomain8.pddl,robotProblem8.pddl
365,om_planning,robotConj9,../examples/robotConj/9,TTL9.owl,robotDomain9.pddl,robotProblem9.pddl
366,horn_planning,robotConj9,../examples/horn_dl_benchmarks/robotConj/original,TTL9.owl,robotDomain9.pddl,robotProblem9.pddl
367,om_planning,robotConj10,../examples/robotConj/10,TTL10.owl,robotDomain10.pddl,robotProblem10.pddl
368,horn_planning,robotConj10,../examples/horn_dl_benchmarks/robotConj/original,TTL10.owl,robotDomain10.pddl,robotProblem10.pddl
369,om_planning,robotConj11,../examples/robotConj/11,TTL11.owl,robotDomain11.pddl,robotProblem11.pddl
370,horn_planning,robotConj11,../examples/horn_dl_benchmarks/robotConj/original,TTL11.owl,robotDomain11.pddl,robotProblem11.pddl
371,om_planning,robotConj12,../examples/robotConj/12,TTL12.owl,robotDomain12.pddl,robotProblem12.pddl
372,horn_planning,robotConj12,../examples/horn_dl_benchmarks/robotConj/original,TTL12.owl,robotDomain12.pddl,robotProblem12.pddl
373,om_planning,robotConj13,../examples/robotConj/13,TTL13.owl,robotDomain13.pddl,robotProblem13.pddl
374,horn_planning,robotConj13,../examples/horn_dl_benchmarks/robotConj/original,TTL13.owl,robotDomain13.pddl,robotProblem13.pddl
375,om_planning,robotConj14,../examples/robotConj/14,TTL14.owl,robotDomain14.pddl,robotProblem14.pddl
376,horn_planning,robotConj14,../examples/horn_dl_benchmarks/robotConj/original,TTL14.owl,robotDomain14.pddl,robotProblem14.pddl
377,om_planning,robotConj15,../examples/robotConj/15,TTL15.owl,robotDomain15.pddl,robotProblem15.pddl
378,horn_planning,robotConj15,../examples/horn_dl_benchmarks/robotConj/original,TTL15.owl,robotDomain15.pddl,robotProblem15.pddl
379,om_planning,robotConj16,../examples/robotConj/16,TTL16.owl,robotDomain16.pddl,robotProblem16.pddl
380,horn_planning,robotConj16,../examples/horn_dl_benchmarks/robotConj/original,TTL16.owl,robotDomain16.pddl,robotProblem16.pddl
381,om_planning,robotConj17,../examples/robotConj/17,TTL17.owl,robotDomain17.pddl,robotProblem17.pddl
382,horn_planning,robotConj17,../examples/horn_dl_benchmarks/robotConj/original,TTL17.owl,robotDomain17.pddl,robotProblem17.pddl
383,om_planning,robotConj18,../examples/robotConj/18,TTL18.owl,robotDomain18.pddl,robotProblem18.pddl
384,horn_planning,robotConj18,../examples/horn_dl_benchmarks/robotConj/original,TTL18.owl,robotDomain18.pddl,robotProblem18.pddl
385,om_planning,robotConj19,../examples/robotConj/19,TTL19.owl,robotDomain19.pddl,robotProblem19.pddl
386,horn_planning,robotConj19,../examples/horn_dl_benchmarks/robotConj/original,TTL19.owl,robotDomain19.pddl,robotProblem19.pddl
387,om_planning,robotConj20,../examples/robotConj/20,TTL20.owl,robotDomain20.pddl,robotProblem20.pddl
388,horn_planning,robotConj20,../examples/horn_dl_benchmarks/robotConj/original,TTL20.owl,robotDomain20.pddl,robotProblem20.pddl
389,om_planning,robotConj21,../examples/robotConj/21,TTL21.owl,robotDomain21.pddl,robotProblem21.pddl
390,horn_planning,robotConj21,../examples/horn_dl_benchmarks/robotConj/original,TTL21.owl,robotDomain21.pddl,robotProblem21.pddl
391,om_planning,robotConj22,../examples/robotConj/22,TTL22.owl,robotDomain22.pddl,robotProblem22.pddl
392,horn_planning,robotConj22,../examples/horn_dl_benchmarks/robotConj/original,TTL22.owl,robotDomain22.pddl,robotProblem22.pddl
393,om_planning,pipes1,../examples/pipes/pipes1,pipes.ttl,pipes.pddl,pipesProblem7-7.pddl
394,horn_planning,pipes1,../examples/horn_pipes/pipes1,pipes.ttl,pipes.pddl,pipesProblem7-7.pddl
395,om_planning,pipes2,../examples/pipes/pipes2,pipes.ttl,pipes.pddl,pipesProblem7-7.pddl
396,horn_planning,pipes2,../examples/horn_pipes/pipes2,pipes.ttl,pipes.pddl,pipesProblem7-7.pddl
397,om_planning,blocksworld5-0,../examples/blocksworld/5-0,blocks.ttl,blocks.pddl,blocksProblem5-0.pddl
398,om_planning,blocksworld5-1,../examples/blocksworld/5-1,blocks.ttl,blocks.pddl,blocksProblem5-1.pddl
399,om_planning,blocksworld5-2,../examples/blocksworld/5-2,blocks.ttl,blocks.pddl,blocksProblem5-2.pddl
400,om_planning,blocksworld6-0,../examples/blocksworld/6-0,blocks.ttl,blocks.pddl,blocksProblem6-0.pddl
401,om_planning,blocksworld6-1,../examples/blocksworld/6-1,blocks.ttl,blocks.pddl,blocksProblem6-1.pddl
402,om_planning,blocksworld6-2,../examples/blocksworld/6-2,blocks.ttl,blocks.pddl,blocksProblem6-2.pddl
403,om_planning,blocksworld7-0,../examples/blocksworld/7-0,blocks.ttl,blocks.pddl,blocksProblem7-0.pddl
404,om_planning,blocksworld7-1,../examples/blocksworld/7-1,blocks.ttl,blocks.pddl,blocksProblem7-1.pddl
405,om_planning,blocksworld7-2,../examples/blocksworld/7-2,blocks.ttl,blocks.pddl,blocksProblem7-2.pddl
406,om_planning,blocksworld8-0,../examples/blocksworld/8-0,blocks.ttl,blocks.pddl,blocksProblem8-0.pddl
407,om_planning,blocksworld8-1,../examples/blocksworld/8-1,blocks.ttl,blocks.pddl,blocksProblem8-1.pddl
408,om_planning,blocksworld8-2,../examples/blocksworld/8-2,blocks.ttl,blocks.pddl,blocksProblem8-2.pddl
409,om_planning,blocksworld9-0,../examples/blocksworld/9-0,blocks.ttl,blocks.pddl,blocksProblem9-0.pddl
410,om_planning,blocksworld9-1,../examples/blocksworld/9-1,blocks.ttl,blocks.pddl,blocksProblem9-1.pddl
411,om_planning,blocksworld9-2,../examples/blocksworld/9-2,blocks.ttl,blocks.pddl,blocksProblem9-2.pddl
412,om_planning,blocksworld10-0,../examples/blocksworld/10-0,blocks.ttl,blocks.pddl,blocksProblem10-0.pddl
413,om_planning,blocksworld10-1,../examples/blocksworld/10-1,blocks.ttl,blocks.pddl,blocksProblem10-1.pddl
414,om_planning,blocksworld10-2,../examples/blocksworld/10-2,blocks.ttl,blocks.pddl,blocksProblem10-2.pddl
